{"stats":{"minecraft:crafted":{"quark:ancient_planks_stairs":12,"minecraft:oak_planks":59,"minecraft:stone_shovel":4,"minecraft:furnace":1,"quark:ancient_chest":1,"constructionwand:diamond_wand":1,"minecraft:cooked_porkchop":5,"minecraft:crafting_table":2,"minecraft:spruce_planks":1054,"minecraft:wooden_pickaxe":1,"minecraft:baked_potato":15,"quark:ancient_fence":12,"minecraft:stone_axe":15,"minecraft:air":6468,"lightmanscurrency:coin_gold":20,"constructionwand:stone_wand":20,"minecraft:stick":20,"quark:oak_chest":2,"minecraft:wooden_axe":2,"minecraft:snow_block":95,"quark:ancient_planks":461,"minecraft:acacia_planks":16,"lightmanscurrency:terminal":1},"minecraft:broken":{"constructionwand:diamond_wand":2,"constructionwand:stone_wand":21,"minecraft:stone_axe":12,"minecraft:wooden_axe":2,"minecraft:stone_shovel":4},"minecraft:custom":{"minecraft:blood":0,"minecraft:mob_kills":54,"minecraft:animals_bred":4,"minecraft:dexterity":5,"minecraft:inspect_hopper":1,"minecraft:interact_with_crafting_table":36,"minecraft:leave_game":13,"minecraft:time_since_death":114766,"minecraft:mana":198,"minecraft:magic_shield":6,"minecraft:sprint_one_cm":1004048,"minecraft:walk_one_cm":1064915,"minecraft:drop":54,"minecraft:health":139,"minecraft:damage_dealt_absorbed":80,"minecraft:talked_to_villager":3,"minecraft:play_time":480279,"minecraft:deaths":2,"minecraft:sneak_time":17880,"minecraft:walk_under_water_one_cm":5945,"minecraft:jump":676,"minecraft:energy":140,"minecraft:walk_on_water_one_cm":1007,"minecraft:total_world_time":480279,"minecraft:interact_with_furnace":5,"minecraft:intelligence":10,"minecraft:move_speed":0,"minecraft:traded_with_villager":6,"minecraft:levels_gained":5,"minecraft:time_since_rest":114831,"minecraft:damage_taken":61224,"minecraft:damage_absorbed":3228,"minecraft:use_wand":5894,"minecraft:damage_dealt":1539,"minecraft:fly_one_cm":29588,"minecraft:open_chest":90,"minecraft:crouch_one_cm":37815,"minecraft:strength":5,"minecraft:fall_one_cm":1593079},"minecraft:killed":{"minecraft:spider":5,"minecraft:slime":23,"minecraft:skeleton":2,"minecraft:pig":3,"minecraft:creeper":7,"minecraft:sheep":1,"minecraft:zombie":6,"minecraft:cow":4},"minecraft:used":{"minecraft:carved_pumpkin":2,"minecraft:stone_shovel":498,"minecraft:chest":1,"minecraft:spruce_planks":4200,"minecraft:iron_sword":40,"minecraft:torch":6,"minecraft:dirt":199,"quark:yellow_blossom_sapling":5,"minecraft:carrot":17,"minecraft:acacia_sapling":16,"quark:lavender_blossom_sapling":6,"minecraft:snowball":1,"minecraft:wooden_axe":40,"minecraft:birch_sapling":7,"quark:ancient_planks_stairs":9,"quark:blue_blossom_sapling":6,"torchmaster:feral_flare_lantern":3,"constructionwand:diamond_wand":184,"minecraft:oak_sapling":40,"minecraft:beetroot_seeds":18,"minecraft:egg":11,"minecraft:potato":19,"minecraft:acacia_planks":16,"minecraft:pumpkin":7,"farmersdelight:fried_egg":1,"quark:orange_blossom_sapling":6,"minecraft:wheat_seeds":15,"minecraft:snow_block":16,"quark:ancient_chest":1,"quark:ancient_fruit":36,"quark:ancient_planks":1748,"minecraft:oak_planks":344,"minecraft:baked_potato":15,"minecraft:cactus":2,"quark:ancient_fence":36,"minecraft:wooden_pickaxe":21,"lightmanscurrency:terminal":2,"minecraft:crafting_table":6,"constructionwand:stone_wand":385,"minecraft:spruce_sapling":127,"minecraft:stone_axe":1184,"mmorpg:weapon/staff/wood":5,"minecraft:cooked_porkchop":5,"quark:oak_chest":2,"alexsmobs:animal_dictionary":1,"quark:red_blossom_sapling":6,"quark:ancient_sapling":102},"minecraft:picked_up":{"minecraft:crafting_table":4,"torchmaster:feral_flare_lantern":3,"minecraft:wheat":16,"mmorpg:material/farming/0":1,"constructionwand:diamond_wand":2,"minecraft:lead":2,"mmorpg:jewelry/ring/iron":1,"quark:ancient_sapling":467,"minecraft:string":8,"minecraft:iron_leggings":1,"minecraft:beetroot":16,"minecraft:spruce_planks":288,"minecraft:beef":16,"quark:ancient_planks_stairs":1,"quark:yellow_blossom_sapling":9,"minecraft:chest":1,"minecraft:birch_sapling":7,"minecraft:egg":21,"minecraft:stick":158,"minecraft:torch":6,"minecraft:acacia_log":51,"quark:blossom_log":108,"minecraft:porkchop":7,"minecraft:carrot":15,"quark:lavender_blossom_sapling":8,"quark:blossom_planks":4,"quark:orange_blossom_leaves":5,"farmersdelight:fried_egg":8,"minecraft:cactus":2,"minecraft:rotten_flesh":3,"minecraft:stone_shovel":1,"minecraft:beetroot_seeds":45,"quark:orange_blossom_sapling":9,"minecraft:shears":1,"minecraft:carved_pumpkin":2,"mutantmonsters:mutant_skeleton_rib":1,"lightmanscurrency:terminal":1,"quark:ancient_planks":149,"minecraft:mutton":1,"minecraft:snowball":381,"minecraft:cobblestone":330,"minecraft:birch_log":12,"alexsmobs:acacia_blossom":6,"minecraft:leather":14,"minecraft:golden_leggings":2,"minecraft:potato":73,"minecraft:oak_log":48,"minecraft:golden_boots":2,"artifacts:cloud_in_a_bottle":1,"minecraft:gunpowder":8,"mutantmonsters:mutant_skeleton_limb":2,"minecraft:dirt":179,"quark:forgotten_hat":1,"minecraft:acacia_planks":2,"minecraft:bow":1,"minecraft:wheat_seeds":42,"minecraft:iron_sword":2,"minecraft:oak_planks":212,"minecraft:acacia_sapling":31,"quark:blue_blossom_sapling":10,"quark:ancient_fruit":54,"minecraft:pumpkin":32,"minecraft:spruce_sapling":278,"minecraft:spruce_log":1441,"mmorpg:weapon/staff/wood":8,"quark:red_blossom_sapling":9,"minecraft:spider_eye":2,"lightmanscurrency:coin_copper":155,"minecraft:pumpkin_seeds":8,"minecraft:slime_ball":19,"minecraft:diamond":1,"minecraft:stone_axe":1,"constructionwand:stone_wand":2,"quark:ancient_log":1011,"minecraft:terracotta":1,"minecraft:oak_sapling":26},"minecraft:dropped":{"minecraft:golden_boots":1,"lightmanscurrency:coin_emerald":2,"minecraft:cobblestone":227,"quark:blossom_log":64,"quark:ancient_sapling":360,"minecraft:spruce_sapling":64,"minecraft:stone_axe":1,"minecraft:oak_planks":86,"quark:ancient_log":128,"mutantmonsters:mutant_skeleton_limb":2,"minecraft:golden_leggings":1,"mutantmonsters:mutant_skeleton_rib":1},"minecraft:mined":{"quark:ancient_log":723,"quark:lavender_blossom_sapling":2,"minecraft:spruce_planks":2,"quark:yellow_blossom_leaves":4,"quark:blue_blossom_sapling":1,"quark:blue_blossom_leaves":16,"minecraft:carved_pumpkin":2,"minecraft:acacia_log":6,"minecraft:grass_block":41,"torchmaster:feral_flare_lantern":1,"minecraft:spruce_leaves":173,"lightmanscurrency:terminal":1,"quark:red_blossom_sapling":3,"minecraft:spruce_sapling":6,"minecraft:carrots":3,"minecraft:snow":390,"minecraft:pumpkin":19,"minecraft:potatoes":20,"quark:yellow_blossom_sapling":1,"quark:red_blossom_leaves":159,"quark:ancient_planks":110,"quark:lavender_blossom_leaves":22,"minecraft:crafting_table":4,"minecraft:torch":4,"quark:ancient_planks_stairs":1,"quark:ancient_leaves":68,"minecraft:chest":1,"minecraft:dead_bush":1,"quark:blossom_log":67,"minecraft:cobblestone":19,"minecraft:oak_planks":5,"minecraft:wall_torch":1,"minecraft:cactus":1,"minecraft:acacia_sapling":3,"minecraft:wheat":15,"minecraft:birch_leaves":3,"minecraft:beetroots":17,"minecraft:dirt":93,"minecraft:acacia_planks":2,"minecraft:oak_leaves":8}},"DataVersion":3465}