{"stats":{"minecraft:dropped":{"minecraft:golden_boots":1,"lightmanscurrency:coin_emerald":2,"minecraft:cobblestone":227,"mmorpg:weapon/staff/wood":1,"quark:blossom_log":64,"quark:ancient_sapling":360,"minecraft:spruce_sapling":64,"minecraft:stone_axe":1,"quark:ancient_fruit":2,"minecraft:rotten_flesh":15,"minecraft:oak_planks":86,"quark:ancient_log":128,"mutantmonsters:mutant_skeleton_limb":2,"minecraft:golden_leggings":1,"mutantmonsters:mutant_skeleton_rib":1},"minecraft:killed":{"mca:male_zombie_villager":1,"minecraft:spider":17,"minecraft:slime":23,"minecraft:skeleton":6,"minecraft:chicken":2,"minecraft:pig":3,"minecraft:bat":1,"minecraft:creeper":24,"minecraft:sheep":1,"minecraft:zombie":26,"minecraft:enderman":1,"minecraft:cow":4},"minecraft:broken":{"constructionwand:diamond_wand":2,"minecraft:golden_boots":1,"constructionwand:stone_wand":21,"minecraft:iron_leggings":1,"minecraft:stone_axe":12,"minecraft:wooden_axe":2,"quark:forgotten_hat":1,"minecraft:stone_shovel":4},"minecraft:picked_up":{"minecraft:crafting_table":4,"torchmaster:feral_flare_lantern":3,"minecraft:wheat":16,"mmorpg:material/farming/0":1,"minecraft:chicken":1,"constructionwand:diamond_wand":2,"minecraft:lead":2,"mmorpg:jewelry/ring/iron":1,"quark:ancient_sapling":467,"minecraft:shield":1,"minecraft:music_disc_cat":1,"minecraft:string":18,"minecraft:iron_leggings":1,"minecraft:beetroot":16,"minecraft:spruce_planks":342,"minecraft:beef":16,"minecraft:jungle_sapling":1,"quark:ancient_planks_stairs":1,"quark:yellow_blossom_sapling":9,"minecraft:chest":1,"minecraft:birch_sapling":12,"minecraft:iron_boots":1,"minecraft:egg":49,"minecraft:stick":174,"minecraft:torch":6,"minecraft:acacia_log":51,"quark:blossom_log":108,"minecraft:porkchop":7,"minecraft:carrot":15,"quark:lavender_blossom_sapling":8,"quark:blossom_planks":4,"quark:orange_blossom_leaves":5,"farmersdelight:fried_egg":8,"minecraft:arrow":1,"minecraft:cactus":2,"minecraft:rotten_flesh":22,"minecraft:stone_shovel":1,"minecraft:beetroot_seeds":45,"quark:orange_blossom_sapling":9,"minecraft:shears":1,"minecraft:carved_pumpkin":2,"mutantmonsters:mutant_skeleton_rib":2,"quark:ancient_planks":149,"lightmanscurrency:terminal":1,"sophisticatedbackpacks:copper_backpack":1,"minecraft:mutton":1,"minecraft:snowball":381,"minecraft:cobblestone":330,"minecraft:birch_log":26,"minecraft:feather":1,"minecraft:leather":14,"minecraft:golden_leggings":2,"alexsmobs:acacia_blossom":6,"minecraft:potato":74,"minecraft:oak_log":48,"minecraft:golden_boots":2,"artifacts:cloud_in_a_bottle":1,"minecraft:gunpowder":24,"mutantmonsters:mutant_skeleton_limb":3,"minecraft:dirt":179,"quark:forgotten_hat":1,"minecraft:bone":2,"minecraft:acacia_planks":2,"minecraft:bow":1,"minecraft:wheat_seeds":42,"lightmanscurrency:coin_iron":2,"minecraft:acacia_sapling":31,"minecraft:iron_sword":2,"minecraft:oak_planks":212,"quark:blue_blossom_sapling":10,"quark:ancient_fruit":56,"minecraft:pumpkin":32,"mutantmonsters:mutant_skeleton_leggings":1,"minecraft:spruce_sapling":298,"mmorpg:weapon/staff/wood":9,"quark:red_blossom_sapling":9,"minecraft:spruce_log":1442,"minecraft:spider_eye":5,"lightmanscurrency:coin_copper":330,"minecraft:pumpkin_seeds":8,"minecraft:slime_ball":19,"minecraft:diamond":1,"constructionwand:stone_wand":2,"minecraft:stone_axe":1,"mutantmonsters:mutant_skeleton_boots":1,"quark:ancient_log":1011,"minecraft:terracotta":1,"minecraft:oak_sapling":26},"minecraft:mined":{"quark:ancient_log":723,"quark:lavender_blossom_sapling":2,"minecraft:spruce_planks":9,"quark:yellow_blossom_leaves":4,"quark:blue_blossom_sapling":1,"quark:blue_blossom_leaves":16,"minecraft:carved_pumpkin":2,"minecraft:acacia_log":6,"minecraft:grass_block":41,"torchmaster:feral_flare_lantern":1,"minecraft:spruce_leaves":173,"lightmanscurrency:terminal":1,"quark:red_blossom_sapling":3,"minecraft:spruce_sapling":6,"minecraft:carrots":3,"minecraft:snow":390,"minecraft:pumpkin":19,"minecraft:potatoes":20,"quark:yellow_blossom_sapling":1,"minecraft:stone":6,"quark:red_blossom_leaves":159,"quark:ancient_planks":110,"quark:lavender_blossom_leaves":22,"minecraft:crafting_table":4,"minecraft:torch":4,"quark:ancient_planks_stairs":1,"quark:ancient_leaves":68,"minecraft:chest":1,"minecraft:dead_bush":1,"quark:blossom_log":67,"minecraft:cobblestone":21,"minecraft:oak_planks":5,"minecraft:wall_torch":1,"minecraft:cactus":1,"minecraft:acacia_sapling":3,"minecraft:wheat":15,"minecraft:birch_leaves":26,"minecraft:beetroots":17,"minecraft:dirt":93,"minecraft:acacia_planks":2,"minecraft:oak_leaves":8},"minecraft:used":{"minecraft:carved_pumpkin":2,"minecraft:stone_shovel":498,"minecraft:chest":1,"minecraft:spruce_planks":4243,"minecraft:iron_sword":72,"minecraft:torch":6,"minecraft:dirt":199,"quark:yellow_blossom_sapling":5,"minecraft:carrot":17,"minecraft:acacia_sapling":16,"quark:lavender_blossom_sapling":8,"minecraft:snowball":1,"minecraft:wooden_axe":40,"minecraft:birch_sapling":14,"quark:ancient_planks_stairs":9,"quark:blue_blossom_sapling":6,"torchmaster:feral_flare_lantern":3,"quark:ancient_door":5,"constructionwand:diamond_wand":184,"minecraft:oak_sapling":40,"minecraft:beetroot_seeds":18,"minecraft:egg":12,"minecraft:potato":19,"minecraft:acacia_planks":16,"minecraft:pumpkin":7,"farmersdelight:fried_egg":1,"quark:orange_blossom_sapling":6,"minecraft:wheat_seeds":15,"minecraft:snow_block":16,"minecraft:baked_potato":15,"quark:ancient_chest":2,"quark:ancient_planks":1748,"minecraft:oak_planks":344,"quark:ancient_fruit":50,"minecraft:cactus":2,"minecraft:wooden_pickaxe":29,"quark:ancient_fence":36,"minecraft:music_disc_cat":2,"lightmanscurrency:terminal":2,"minecraft:crafting_table":6,"constructionwand:stone_wand":395,"minecraft:spruce_sapling":143,"minecraft:stone_axe":1201,"mmorpg:weapon/staff/wood":11,"minecraft:cobblestone":6,"minecraft:cooked_porkchop":5,"quark:oak_chest":2,"alexsmobs:animal_dictionary":1,"quark:red_blossom_sapling":6,"quark:ancient_sapling":102},"minecraft:custom":{"minecraft:blood":0,"minecraft:mob_kills":121,"minecraft:animals_bred":4,"minecraft:dexterity":6,"minecraft:inspect_hopper":3,"minecraft:interact_with_crafting_table":38,"minecraft:leave_game":15,"minecraft:time_since_death":197998,"minecraft:mana":340,"minecraft:magic_shield":6,"minecraft:sprint_one_cm":1237110,"minecraft:walk_one_cm":1259450,"minecraft:drop":72,"minecraft:health":243,"minecraft:damage_dealt_absorbed":200,"minecraft:talked_to_villager":3,"minecraft:play_time":563511,"minecraft:deaths":2,"minecraft:sneak_time":18721,"minecraft:walk_under_water_one_cm":5945,"minecraft:jump":1141,"minecraft:energy":200,"minecraft:walk_on_water_one_cm":1168,"minecraft:total_world_time":563511,"minecraft:interact_with_furnace":5,"minecraft:intelligence":20,"minecraft:play_record":2,"minecraft:move_speed":0,"minecraft:traded_with_villager":6,"minecraft:levels_gained":10,"minecraft:time_since_rest":198063,"minecraft:damage_taken":63242,"minecraft:damage_absorbed":10360,"minecraft:use_wand":5921,"minecraft:damage_dealt":2951,"minecraft:fly_one_cm":168154,"minecraft:open_chest":116,"minecraft:crouch_one_cm":39185,"minecraft:strength":13,"minecraft:fall_one_cm":2192101},"minecraft:crafted":{"quark:ancient_planks_stairs":12,"minecraft:oak_planks":59,"minecraft:stone_shovel":4,"minecraft:furnace":1,"quark:ancient_chest":2,"constructionwand:diamond_wand":1,"quark:ancient_door":5,"minecraft:cooked_porkchop":5,"minecraft:crafting_table":2,"minecraft:spruce_planks":1054,"minecraft:wooden_pickaxe":1,"minecraft:baked_potato":15,"quark:ancient_fence":12,"minecraft:stone_axe":15,"minecraft:air":6483,"lightmanscurrency:coin_gold":20,"constructionwand:stone_wand":20,"minecraft:stick":20,"quark:oak_chest":2,"minecraft:wooden_axe":2,"minecraft:snow_block":95,"quark:ancient_planks":461,"minecraft:acacia_planks":16,"lightmanscurrency:terminal":1}},"DataVersion":3465}