{"stats":{"minecraft:custom":{"minecraft:blood":0,"minecraft:mob_kills":192,"minecraft:animals_bred":4,"minecraft:dexterity":6,"minecraft:inspect_hopper":3,"minecraft:interact_with_crafting_table":43,"minecraft:open_barrel":22,"minecraft:eat_cake_slice":1,"minecraft:leave_game":20,"minecraft:time_since_death":369013,"minecraft:climb_one_cm":642,"minecraft:mana":340,"minecraft:magic_shield":13,"minecraft:sprint_one_cm":1566687,"minecraft:walk_one_cm":1639811,"minecraft:drop":90,"minecraft:health":243,"minecraft:damage_dealt_absorbed":200,"minecraft:talked_to_villager":3,"minecraft:play_time":734526,"minecraft:deaths":2,"minecraft:sneak_time":20532,"minecraft:walk_under_water_one_cm":7755,"minecraft:jump":1654,"minecraft:energy":200,"minecraft:walk_on_water_one_cm":1995,"minecraft:total_world_time":734526,"minecraft:interact_with_furnace":5,"minecraft:intelligence":20,"minecraft:play_record":2,"minecraft:move_speed":0,"minecraft:traded_with_villager":11,"minecraft:levels_gained":10,"minecraft:time_since_rest":369078,"minecraft:damage_absorbed":16383,"minecraft:damage_taken":66252,"minecraft:use_wand":5999,"minecraft:damage_dealt":6671,"minecraft:fly_one_cm":288603,"minecraft:open_chest":154,"minecraft:crouch_one_cm":42061,"minecraft:strength":13,"minecraft:fall_one_cm":2685757},"minecraft:used":{"minecraft:cherry_sapling":42,"minecraft:carved_pumpkin":2,"minecraft:stone_shovel":498,"minecraft:chest":1,"minecraft:spruce_planks":4246,"minecraft:iron_sword":200,"minecraft:torch":6,"minecraft:dirt":293,"quark:yellow_blossom_sapling":5,"minecraft:carrot":17,"minecraft:acacia_sapling":16,"quark:lavender_blossom_sapling":9,"minecraft:snowball":1,"minecraft:wooden_axe":132,"minecraft:birch_sapling":14,"alexsmobs:cooked_lobster_tail":1,"quark:ancient_planks_stairs":9,"quark:blue_blossom_sapling":6,"minecraft:bamboo":7,"torchmaster:feral_flare_lantern":3,"quark:ancient_door":5,"constructionwand:diamond_wand":184,"minecraft:oak_sapling":40,"minecraft:beetroot_seeds":18,"minecraft:egg":12,"minecraft:potato":21,"minecraft:acacia_planks":16,"minecraft:pumpkin":7,"farmersdelight:fried_egg":10,"quark:orange_blossom_sapling":6,"quark:blossom_log":1,"minecraft:wheat_seeds":15,"minecraft:snow_block":16,"minecraft:baked_potato":15,"quark:ancient_chest":2,"quark:ancient_planks":1774,"minecraft:oak_planks":344,"quark:ancient_fruit":51,"minecraft:cactus":2,"minecraft:wooden_pickaxe":30,"quark:ancient_fence":75,"minecraft:music_disc_cat":2,"lightmanscurrency:terminal":2,"minecraft:crafting_table":7,"constructionwand:stone_wand":409,"spartanweaponry:iron_battleaxe":1,"minecraft:melon_slice":4,"minecraft:spruce_sapling":143,"minecraft:stone_axe":1494,"mmorpg:weapon/staff/wood":12,"minecraft:cobblestone":6,"minecraft:cooked_porkchop":5,"quark:oak_chest":2,"alexsmobs:animal_dictionary":1,"quark:red_blossom_sapling":6,"quark:ancient_sapling":102},"minecraft:mined":{"quark:ancient_log":723,"quark:lavender_blossom_sapling":2,"minecraft:spruce_planks":9,"quark:yellow_blossom_leaves":4,"minecraft:cobblestone_stairs":1,"quark:blue_blossom_sapling":1,"quark:blue_blossom_leaves":33,"minecraft:carved_pumpkin":2,"minecraft:dark_oak_fence":1,"minecraft:acacia_log":6,"minecraft:grass_block":41,"torchmaster:feral_flare_lantern":1,"minecraft:spruce_leaves":173,"lightmanscurrency:terminal":1,"quark:red_blossom_sapling":3,"minecraft:spruce_sapling":6,"minecraft:carrots":3,"minecraft:barrel":5,"minecraft:snow":390,"minecraft:pumpkin":19,"minecraft:potatoes":20,"quark:yellow_blossom_sapling":1,"minecraft:bamboo":7,"minecraft:stone":6,"quark:red_blossom_leaves":159,"quark:ancient_planks":119,"quark:lavender_blossom_leaves":405,"minecraft:crafting_table":4,"minecraft:torch":4,"quark:ancient_planks_stairs":1,"quark:ancient_leaves":68,"minecraft:chest":1,"minecraft:dead_bush":1,"quark:blossom_log":133,"minecraft:cobblestone":21,"minecraft:oak_planks":5,"minecraft:wall_torch":1,"minecraft:cactus":1,"minecraft:acacia_sapling":3,"minecraft:wheat":15,"minecraft:birch_leaves":26,"minecraft:beetroots":17,"minecraft:cherry_leaves":15,"minecraft:dirt":93,"minecraft:acacia_planks":2,"quark:ancient_fence":2,"minecraft:oak_leaves":8},"minecraft:killed":{"mca:male_zombie_villager":1,"minecraft:spider":21,"minecraft:slime":68,"minecraft:skeleton":10,"minecraft:chicken":2,"minecraft:pig":3,"minecraft:bat":1,"minecraft:creeper":24,"minecraft:sheep":1,"minecraft:pillager":2,"minecraft:zombie":35,"minecraft:enderman":1,"minecraft:cow":4},"minecraft:picked_up":{"minecraft:iron_chestplate":1,"minecraft:crafting_table":4,"torchmaster:feral_flare_lantern":3,"minecraft:wheat":16,"mmorpg:material/farming/0":1,"constructionwand:diamond_wand":2,"minecraft:chicken":1,"minecraft:lead":2,"mmorpg:jewelry/ring/iron":1,"quark:ancient_sapling":468,"minecraft:shield":1,"minecraft:music_disc_cat":1,"minecraft:string":21,"minecraft:iron_axe":1,"minecraft:iron_leggings":1,"quark:music_disc_ocean":1,"minecraft:beetroot":16,"minecraft:spruce_planks":342,"minecraft:beef":16,"minecraft:jungle_sapling":1,"quark:ancient_planks_stairs":1,"quark:yellow_blossom_sapling":9,"minecraft:melon_slice":4,"alexsmobs:cooked_lobster_tail":1,"minecraft:chest":1,"minecraft:birch_sapling":12,"minecraft:iron_boots":1,"minecraft:egg":53,"minecraft:stick":203,"minecraft:torch":6,"minecraft:acacia_log":51,"quark:blossom_log":174,"minecraft:porkchop":7,"minecraft:cherry_log":74,"minecraft:carrot":15,"quark:lavender_blossom_sapling":10,"quark:blossom_planks":4,"quark:orange_blossom_leaves":5,"farmersdelight:fried_egg":17,"minecraft:arrow":3,"minecraft:cactus":2,"minecraft:rotten_flesh":30,"minecraft:stone_shovel":1,"minecraft:beetroot_seeds":45,"quark:orange_blossom_sapling":9,"minecraft:shears":1,"minecraft:carved_pumpkin":2,"quark:ancient_planks":158,"mutantmonsters:mutant_skeleton_rib":2,"lightmanscurrency:terminal":1,"sophisticatedbackpacks:copper_backpack":1,"minecraft:mutton":1,"minecraft:snowball":399,"minecraft:cobblestone":330,"minecraft:birch_log":26,"minecraft:feather":1,"spartanweaponry:iron_battleaxe":1,"minecraft:leather":14,"minecraft:golden_leggings":2,"alexsmobs:acacia_blossom":6,"minecraft:potato":75,"minecraft:oak_log":48,"minecraft:golden_boots":2,"artifacts:cloud_in_a_bottle":1,"minecraft:gunpowder":24,"minecraft:cobblestone_stairs":1,"mutantmonsters:mutant_skeleton_limb":3,"minecraft:dirt":346,"quark:forgotten_hat":1,"minecraft:bone":3,"minecraft:acacia_planks":2,"minecraft:bow":1,"minecraft:wheat_seeds":42,"minecraft:spore_blossom":1,"minecraft:bamboo":78,"lightmanscurrency:coin_iron":15,"minecraft:iron_sword":2,"minecraft:oak_planks":212,"minecraft:acacia_sapling":31,"quark:blue_blossom_sapling":10,"quark:ancient_fruit":56,"quark:ancient_fence":9,"minecraft:pumpkin":32,"mmorpg:weapon/staff/wood":9,"minecraft:spruce_sapling":298,"sophisticatedbackpacks:iron_backpack":1,"quark:red_blossom_sapling":9,"minecraft:spruce_log":1442,"mutantmonsters:mutant_skeleton_leggings":1,"minecraft:barrel":2,"minecraft:spider_eye":6,"lightmanscurrency:coin_copper":603,"minecraft:pumpkin_seeds":8,"minecraft:slime_ball":50,"constructionwand:stone_wand":2,"minecraft:diamond":1,"minecraft:stone_axe":2,"minecraft:tide_armor_trim_smithing_template":1,"minecraft:crossbow":1,"minecraft:cherry_sapling":49,"mutantmonsters:mutant_skeleton_boots":1,"minecraft:emerald":2,"quark:ancient_log":1011,"minecraft:terracotta":1,"minecraft:dark_oak_fence":1,"minecraft:oak_sapling":26},"minecraft:crafted":{"minecraft:cherry_planks":4,"quark:ancient_planks_stairs":12,"minecraft:oak_planks":59,"minecraft:stone_shovel":4,"minecraft:furnace":1,"quark:ancient_chest":2,"constructionwand:diamond_wand":1,"quark:ancient_door":5,"quark:blossom_planks":4,"minecraft:cooked_porkchop":5,"minecraft:crafting_table":3,"minecraft:spruce_planks":1054,"minecraft:wooden_pickaxe":1,"minecraft:baked_potato":15,"quark:ancient_fence":22,"minecraft:stone_axe":15,"minecraft:air":6513,"lightmanscurrency:coin_gold":38,"constructionwand:stone_wand":20,"minecraft:stick":24,"quark:oak_chest":2,"minecraft:wooden_axe":5,"minecraft:snow_block":95,"quark:ancient_planks":461,"minecraft:acacia_planks":16,"lightmanscurrency:terminal":1},"minecraft:broken":{"constructionwand:diamond_wand":2,"minecraft:golden_boots":1,"constructionwand:stone_wand":21,"minecraft:iron_leggings":1,"mutantmonsters:mutant_skeleton_leggings":1,"minecraft:stone_axe":15,"minecraft:wooden_axe":4,"quark:forgotten_hat":1,"minecraft:stone_shovel":4},"minecraft:dropped":{"minecraft:golden_boots":1,"lightmanscurrency:coin_emerald":2,"minecraft:cobblestone":227,"mmorpg:weapon/staff/wood":1,"quark:blossom_log":64,"quark:ancient_sapling":360,"minecraft:spruce_sapling":64,"minecraft:stone_axe":2,"quark:ancient_fruit":2,"minecraft:rotten_flesh":15,"minecraft:oak_planks":86,"quark:ancient_log":128,"mutantmonsters:mutant_skeleton_limb":2,"minecraft:golden_leggings":1,"minecraft:bamboo":17,"mutantmonsters:mutant_skeleton_rib":1}},"DataVersion":3465}