{"stats":{"minecraft:crafted":{"minecraft:oak_planks":347,"minecraft:raw_iron":64,"minecraft:redstone":64,"lightmanscurrency:coinpile_iron":13,"sophisticatedstorage:basic_tier_upgrade":2,"minecraft:iron_nugget":63,"minecraft:furnace":1,"minecraft:stone":140,"lightmanscurrency:coin_iron":13,"lightmanscurrency:wallet_iron":1,"create:vertical_gearbox":1,"minecraft:raw_copper":16,"minecraft:iron_axe":4,"create:millstone":1,"minecraft:stone_pickaxe":7,"minecraft:chest":1,"quark:spruce_chest":1,"minecraft:stone_bricks":104,"create:cogwheel":10,"minecraft:oak_fence":74,"create:andesite_alloy":31,"create:hand_crank":1,"sophisticatedbackpacks:backpack":1,"minecraft:crafting_table":1,"minecraft:spruce_planks":387,"farmersdelight:iron_knife":1,"minecraft:wooden_pickaxe":1,"minecraft:baked_potato":76,"constructionwand:iron_wand":3,"create:large_water_wheel":1,"ironfurnaces:upgrade_iron":1,"minecraft:copper_ingot":16,"sophisticatedstorage:basic_to_iron_tier_upgrade":2,"minecraft:stone_axe":2,"minecraft:bread":4,"minecraft:air":2366,"lightmanscurrency:coin_gold":6,"create:gearbox":1,"farmersdelight:cutting_board":1,"farmersdelight:fried_egg":16,"minecraft:charcoal":44,"create:water_wheel":2,"minecraft:stick":15,"quark:oak_chest":1,"minecraft:iron_ingot":64,"minecraft:iron_pickaxe":2,"minecraft:wooden_axe":2,"create:large_cogwheel":3,"minecraft:redstone_torch":8,"create:shaft":32,"minecraft:spruce_fence_gate":1,"minecraft:torch":20},"minecraft:broken":{"minecraft:iron_boots":2,"minecraft:iron_chestplate":1,"minecraft:stone_pickaxe":7,"minecraft:iron_axe":3,"constructionwand:iron_wand":2,"minecraft:stone_axe":2,"minecraft:iron_pickaxe":1,"minecraft:iron_helmet":1,"minecraft:wooden_axe":2},"minecraft:used":{"minecraft:oak_fence":255,"minecraft:chest":1,"minecraft:spruce_planks":1330,"minecraft:stone":19,"minecraft:iron_sword":6,"minecraft:stone_hoe":2,"minecraft:rotten_flesh":1,"minecraft:torch":19,"minecraft:dirt":16,"constructionwand:iron_wand":103,"create:cogwheel":5,"minecraft:carrot":19,"minecraft:stripped_spruce_log":12,"minecraft:wooden_axe":26,"minecraft:iron_axe":219,"minecraft:birch_sapling":1,"create:millstone":1,"minecraft:stone_bricks":152,"farmersdelight:cutting_board":1,"create:shaft":1,"minecraft:oak_sapling":102,"minecraft:furnace":1,"minecraft:egg":128,"farmersdelight:fried_egg":3,"minecraft:wheat_seeds":1,"minecraft:water_bucket":44,"farmersdelight:iron_knife":29,"minecraft:stone_pickaxe":917,"minecraft:baked_potato":33,"minecraft:oak_planks":666,"minecraft:wooden_pickaxe":5,"minecraft:spruce_fence_gate":3,"minecraft:crafting_table":2,"minecraft:spruce_log":53,"sophisticatedstorage:basic_tier_upgrade":1,"minecraft:oak_log":118,"minecraft:iron_pickaxe":445,"minecraft:bread":4,"sophisticatedstorage:basic_to_iron_tier_upgrade":1,"create:water_wheel":2,"create:large_water_wheel":4,"minecraft:spruce_sapling":71,"minecraft:stone_axe":53,"mmorpg:weapon/staff/wood":26,"minecraft:cobblestone":58,"minecraft:bucket":43,"create:hand_crank":5,"alexsmobs:animal_dictionary":2,"create:vertical_gearbox":1,"create:large_cogwheel":5},"minecraft:mined":{"minecraft:spruce_planks":26,"create:andesite_casing":22,"minecraft:grass_block":42,"create:large_cogwheel":4,"minecraft:spruce_leaves":59,"create:shaft":1,"minecraft:spruce_sapling":7,"minecraft:stone":1129,"create:cogwheel":4,"minecraft:torch":3,"minecraft:oak_fence":10,"minecraft:crafting_table":1,"create:water_wheel":2,"minecraft:tall_grass":2,"minecraft:cobblestone":199,"minecraft:oak_planks":60,"create:large_water_wheel":3,"minecraft:spruce_log":28,"minecraft:oak_log":3,"create:hand_crank":4,"minecraft:dirt":2,"minecraft:spruce_fence_gate":2,"minecraft:stone_bricks":36,"minecraft:oak_leaves":42},"minecraft:killed":{"mca:female_zombie_villager":2,"minecraft:witch":1,"minecraft:spider":52,"minecraft:slime":39,"quark:forgotten":2,"minecraft:skeleton":26,"minecraft:chicken":19,"minecraft:pig":1,"minecraft:bat":4,"mutantmonsters:mutant_skeleton":3,"minecraft:creeper":51,"minecraft:sheep":4,"minecraft:zombie":161,"minecraft:cow":8,"minecraft:enderman":2},"minecraft:picked_up":{"minecraft:charcoal":7,"minecraft:iron_chestplate":2,"minecraft:crafting_table":1,"minecraft:wheat":89,"mmorpg:material/farming/0":5,"mmorpg:gems/sapphire/0":2,"minecraft:chicken":19,"minecraft:leather_leggings":3,"mmorpg:skill_gems/aura/str":1,"quark:music_disc_drips":1,"mmorpg:jewelry/ring/iron":3,"minecraft:diamond_horse_armor":1,"mmorpg:skill_gems/aura/dex":1,"minecraft:string":49,"mutantmonsters:mutant_skeleton_skull":1,"minecraft:iron_leggings":7,"minecraft:beetroot":15,"create:water_wheel":2,"minecraft:spruce_planks":29,"minecraft:beef":16,"spartanweaponry:leather_longbow":1,"minecraft:iron_pickaxe":1,"mmorpg:offhand/tome/iron":1,"minecraft:birch_sapling":2,"minecraft:iron_boots":3,"minecraft:egg":171,"minecraft:stick":309,"minecraft:stone":7,"sophisticatedbackpacks:crafting_upgrade":1,"minecraft:oak_fence":15,"minecraft:torch":8,"create:andesite_casing":22,"minecraft:porkchop":2,"mmorpg:jewelry/necklace/iron":2,"create:hand_crank":4,"minecraft:diorite":64,"minecraft:carrot":39,"mutantmonsters:mutant_skeleton_pelvis":1,"quark:ancient_tome":1,"create:large_cogwheel":4,"minecraft:arrow":61,"minecraft:rotten_flesh":195,"minecraft:beetroot_seeds":21,"farmersdelight:tree_bark":32,"mutantmonsters:mutant_skeleton_rib":4,"mutantmonsters:mutant_skeleton_shoulder_pad":3,"minecraft:mutton":5,"minecraft:cobblestone":51,"minecraft:white_wool":1,"quark:music_disc_wind":1,"minecraft:birch_log":7,"minecraft:feather":27,"minecraft:andesite":64,"minecraft:leather":18,"minecraft:golden_leggings":2,"minecraft:potato":59,"minecraft:oak_log":557,"minecraft:golden_boots":1,"minecraft:gunpowder":52,"mutantmonsters:mutant_skeleton_limb":11,"minecraft:dirt":44,"quark:forgotten_hat":2,"minecraft:leather_boots":1,"minecraft:bone":41,"minecraft:apple":29,"mmorpg:material/meat/0":1,"minecraft:stone_bricks":36,"minecraft:bow":6,"minecraft:wheat_seeds":161,"lightmanscurrency:wallet_copper":1,"minecraft:iron_ingot":3,"create:shaft":1,"lightmanscurrency:coin_iron":8,"minecraft:iron_sword":7,"minecraft:oak_planks":42,"create:large_water_wheel":3,"create:cogwheel":4,"minecraft:poisonous_potato":1,"mmorpg:stat_soul":4,"minecraft:stripped_spruce_log":32,"minecraft:spruce_sapling":153,"mmorpg:weapon/staff/wood":1,"minecraft:spruce_log":428,"minecraft:spider_eye":16,"minecraft:leather_helmet":1,"lightmanscurrency:coin_copper":1301,"minecraft:spruce_fence_gate":2,"minecraft:music_disc_mall":1,"minecraft:slime_ball":28,"mmorpg:gems/ruby/0":1,"lightmanscurrency:coin_gold":3,"minecraft:iron_helmet":1,"minecraft:crossbow":8,"minecraft:oak_sapling":238,"mmorpg:chest/uncommon_gear":1,"mmorpg:skill_gems/aura/int":4,"minecraft:ender_pearl":1},"minecraft:dropped":{"minecraft:golden_boots":1,"mmorpg:stat_soul":1,"minecraft:iron_sword":4,"minecraft:wheat_seeds":26,"minecraft:poisonous_potato":1,"minecraft:crossbow":4,"minecraft:leather":14,"minecraft:leather_helmet":1,"minecraft:stick":64,"minecraft:torch":4,"minecraft:iron_leggings":5,"minecraft:iron_pickaxe":1,"minecraft:string":3,"minecraft:spruce_sapling":42,"minecraft:wheat":2,"minecraft:rotten_flesh":23,"mmorpg:material/farming/0":1,"mmorpg:jewelry/necklace/iron":1,"lightmanscurrency:coin_gold":3,"minecraft:potato":1,"minecraft:golden_leggings":2,"minecraft:oak_sapling":69,"quark:forgotten_hat":1,"minecraft:leather_leggings":2,"mmorpg:jewelry/ring/iron":1,"minecraft:bow":5,"minecraft:arrow":14,"minecraft:wooden_pickaxe":1},"minecraft:custom":{"minecraft:blood":0,"minecraft:mob_kills":393,"minecraft:animals_bred":53,"minecraft:dexterity":8,"minecraft:inspect_hopper":1,"minecraft:interact_with_crafting_table":56,"minecraft:leave_game":20,"minecraft:time_since_death":207305,"minecraft:climb_one_cm":24,"minecraft:mana":240,"minecraft:magic_shield":14,"minecraft:sprint_one_cm":643139,"minecraft:walk_one_cm":1859799,"minecraft:drop":55,"minecraft:health":235,"minecraft:damage_dealt_absorbed":320,"minecraft:play_time":667979,"minecraft:deaths":1,"minecraft:sneak_time":45801,"minecraft:walk_under_water_one_cm":4962,"minecraft:jump":4489,"minecraft:energy":234,"minecraft:walk_on_water_one_cm":11935,"minecraft:total_world_time":667979,"minecraft:interact_with_furnace":40,"minecraft:intelligence":8,"minecraft:move_speed":0,"minecraft:traded_with_villager":26,"minecraft:levels_gained":10,"minecraft:time_since_rest":207379,"minecraft:damage_absorbed":20994,"minecraft:damage_taken":11593,"minecraft:use_wand":681,"minecraft:damage_dealt":2683,"minecraft:fly_one_cm":1177994,"minecraft:open_chest":163,"minecraft:crouch_one_cm":156333,"minecraft:strength":9,"minecraft:fall_one_cm":2515970}},"DataVersion":3465}