{"stats":{"minecraft:mined":{"minecraft:spruce_planks":26,"minecraft:grass_block":42,"create:large_cogwheel":1,"minecraft:spruce_leaves":59,"create:shaft":1,"minecraft:spruce_sapling":7,"minecraft:stone":1129,"create:cogwheel":1,"minecraft:oak_fence":10,"minecraft:crafting_table":1,"minecraft:torch":3,"minecraft:tall_grass":2,"minecraft:cobblestone":199,"minecraft:oak_planks":46,"minecraft:spruce_log":27,"minecraft:oak_log":2,"create:hand_crank":2,"minecraft:dirt":1,"minecraft:stone_bricks":2,"minecraft:spruce_fence_gate":2,"minecraft:oak_leaves":38},"minecraft:killed":{"mca:female_zombie_villager":2,"minecraft:witch":1,"minecraft:spider":42,"minecraft:slime":39,"quark:forgotten":1,"minecraft:skeleton":22,"minecraft:chicken":19,"minecraft:pig":1,"minecraft:bat":2,"mutantmonsters:mutant_skeleton":1,"minecraft:creeper":45,"minecraft:sheep":4,"minecraft:zombie":127,"minecraft:cow":8,"minecraft:enderman":2},"minecraft:picked_up":{"minecraft:iron_chestplate":2,"minecraft:crafting_table":1,"minecraft:wheat":89,"mmorpg:material/farming/0":5,"mmorpg:gems/sapphire/0":2,"minecraft:chicken":19,"minecraft:leather_leggings":2,"mmorpg:skill_gems/aura/str":1,"mmorpg:jewelry/ring/iron":3,"mmorpg:skill_gems/aura/dex":1,"minecraft:string":36,"mutantmonsters:mutant_skeleton_skull":1,"minecraft:iron_leggings":5,"minecraft:beetroot":15,"minecraft:spruce_planks":26,"minecraft:beef":16,"spartanweaponry:leather_longbow":1,"minecraft:birch_sapling":2,"minecraft:iron_boots":2,"minecraft:egg":171,"minecraft:stick":307,"sophisticatedbackpacks:crafting_upgrade":1,"minecraft:oak_fence":15,"minecraft:torch":8,"minecraft:porkchop":2,"mmorpg:jewelry/necklace/iron":2,"create:hand_crank":2,"minecraft:diorite":64,"minecraft:carrot":39,"mutantmonsters:mutant_skeleton_pelvis":1,"create:large_cogwheel":1,"minecraft:arrow":42,"minecraft:rotten_flesh":128,"minecraft:beetroot_seeds":21,"mutantmonsters:mutant_skeleton_rib":1,"mutantmonsters:mutant_skeleton_shoulder_pad":1,"minecraft:mutton":5,"minecraft:cobblestone":14,"minecraft:white_wool":1,"quark:music_disc_wind":1,"minecraft:birch_log":7,"minecraft:feather":27,"minecraft:andesite":64,"minecraft:leather":18,"minecraft:golden_leggings":1,"minecraft:potato":59,"minecraft:oak_log":545,"minecraft:golden_boots":1,"minecraft:gunpowder":46,"mutantmonsters:mutant_skeleton_limb":4,"minecraft:dirt":43,"quark:forgotten_hat":1,"minecraft:leather_boots":1,"minecraft:bone":30,"minecraft:apple":27,"mmorpg:material/meat/0":1,"minecraft:stone_bricks":2,"minecraft:bow":6,"minecraft:wheat_seeds":161,"lightmanscurrency:wallet_copper":1,"minecraft:iron_ingot":3,"create:shaft":1,"lightmanscurrency:coin_iron":8,"minecraft:iron_sword":7,"minecraft:oak_planks":32,"create:cogwheel":1,"minecraft:poisonous_potato":1,"mmorpg:stat_soul":4,"minecraft:spruce_sapling":153,"mmorpg:weapon/staff/wood":1,"minecraft:spruce_log":427,"minecraft:spider_eye":14,"minecraft:leather_helmet":1,"lightmanscurrency:coin_copper":1094,"minecraft:spruce_fence_gate":2,"minecraft:music_disc_mall":1,"minecraft:slime_ball":28,"mmorpg:gems/ruby/0":1,"lightmanscurrency:coin_gold":3,"minecraft:iron_helmet":1,"minecraft:crossbow":7,"minecraft:oak_sapling":233,"mmorpg:chest/uncommon_gear":1,"mmorpg:skill_gems/aura/int":4,"minecraft:ender_pearl":1},"minecraft:used":{"minecraft:oak_fence":242,"minecraft:chest":1,"minecraft:spruce_planks":1275,"minecraft:iron_sword":6,"minecraft:stone_hoe":2,"minecraft:rotten_flesh":1,"minecraft:torch":19,"minecraft:dirt":4,"constructionwand:iron_wand":66,"create:cogwheel":1,"minecraft:carrot":19,"minecraft:wooden_axe":26,"minecraft:iron_axe":159,"minecraft:birch_sapling":1,"minecraft:stone_bricks":18,"create:shaft":1,"minecraft:oak_sapling":99,"minecraft:furnace":1,"minecraft:egg":128,"farmersdelight:fried_egg":3,"minecraft:wheat_seeds":1,"farmersdelight:iron_knife":29,"minecraft:water_bucket":27,"minecraft:stone_pickaxe":917,"minecraft:baked_potato":31,"minecraft:oak_planks":662,"minecraft:wooden_pickaxe":5,"minecraft:spruce_fence_gate":3,"minecraft:crafting_table":2,"minecraft:spruce_log":42,"sophisticatedstorage:basic_tier_upgrade":1,"minecraft:oak_log":117,"minecraft:bread":4,"minecraft:iron_pickaxe":411,"sophisticatedstorage:basic_to_iron_tier_upgrade":1,"minecraft:spruce_sapling":71,"minecraft:stone_axe":53,"mmorpg:weapon/staff/wood":21,"minecraft:cobblestone":58,"minecraft:bucket":27,"alexsmobs:animal_dictionary":2,"create:hand_crank":2,"create:large_cogwheel":1},"minecraft:crafted":{"minecraft:oak_planks":347,"minecraft:redstone":64,"minecraft:raw_iron":64,"lightmanscurrency:coinpile_iron":13,"sophisticatedstorage:basic_tier_upgrade":2,"minecraft:iron_nugget":63,"minecraft:furnace":1,"minecraft:stone":21,"lightmanscurrency:coin_iron":13,"lightmanscurrency:wallet_iron":1,"minecraft:raw_copper":16,"minecraft:iron_axe":4,"minecraft:stone_pickaxe":7,"minecraft:chest":1,"quark:spruce_chest":1,"minecraft:stone_bricks":20,"create:cogwheel":4,"minecraft:oak_fence":74,"create:andesite_alloy":12,"create:hand_crank":1,"sophisticatedbackpacks:backpack":1,"minecraft:crafting_table":1,"minecraft:spruce_planks":323,"farmersdelight:iron_knife":1,"constructionwand:iron_wand":3,"minecraft:wooden_pickaxe":1,"minecraft:baked_potato":76,"minecraft:copper_ingot":16,"sophisticatedstorage:basic_to_iron_tier_upgrade":2,"minecraft:stone_axe":2,"minecraft:bread":4,"minecraft:air":2347,"lightmanscurrency:coin_gold":6,"farmersdelight:fried_egg":16,"minecraft:charcoal":38,"minecraft:stick":15,"quark:oak_chest":1,"minecraft:iron_ingot":64,"minecraft:iron_pickaxe":2,"minecraft:wooden_axe":2,"create:large_cogwheel":3,"minecraft:redstone_torch":8,"create:shaft":32,"minecraft:spruce_fence_gate":1,"minecraft:torch":20},"minecraft:custom":{"minecraft:blood":0,"minecraft:mob_kills":329,"minecraft:animals_bred":53,"minecraft:dexterity":8,"minecraft:inspect_hopper":1,"minecraft:interact_with_crafting_table":45,"minecraft:leave_game":16,"minecraft:time_since_death":95878,"minecraft:climb_one_cm":24,"minecraft:mana":229,"minecraft:magic_shield":14,"minecraft:sprint_one_cm":606446,"minecraft:walk_one_cm":1649608,"minecraft:drop":44,"minecraft:health":224,"minecraft:damage_dealt_absorbed":320,"minecraft:play_time":556552,"minecraft:deaths":1,"minecraft:sneak_time":41269,"minecraft:walk_under_water_one_cm":4962,"minecraft:jump":4266,"minecraft:energy":223,"minecraft:walk_on_water_one_cm":2128,"minecraft:total_world_time":556552,"minecraft:interact_with_furnace":32,"minecraft:intelligence":8,"minecraft:move_speed":0,"minecraft:traded_with_villager":26,"minecraft:levels_gained":9,"minecraft:time_since_rest":95952,"minecraft:damage_absorbed":16028,"minecraft:damage_taken":10872,"minecraft:use_wand":500,"minecraft:damage_dealt":2486,"minecraft:fly_one_cm":1124514,"minecraft:open_chest":147,"minecraft:crouch_one_cm":151104,"minecraft:strength":9,"minecraft:fall_one_cm":2472730},"minecraft:broken":{"minecraft:iron_boots":2,"minecraft:iron_chestplate":1,"minecraft:stone_pickaxe":7,"minecraft:iron_axe":3,"constructionwand:iron_wand":2,"minecraft:stone_axe":2,"minecraft:iron_pickaxe":1,"minecraft:iron_helmet":1,"minecraft:wooden_axe":2},"minecraft:dropped":{"minecraft:golden_boots":1,"mmorpg:stat_soul":1,"minecraft:iron_sword":4,"minecraft:wheat_seeds":26,"minecraft:poisonous_potato":1,"minecraft:crossbow":2,"minecraft:leather":14,"minecraft:stick":64,"minecraft:torch":4,"minecraft:iron_leggings":4,"minecraft:string":1,"minecraft:spruce_sapling":42,"mmorpg:material/farming/0":1,"mmorpg:jewelry/necklace/iron":1,"lightmanscurrency:coin_gold":3,"minecraft:potato":1,"minecraft:golden_leggings":1,"minecraft:oak_sapling":69,"quark:forgotten_hat":1,"minecraft:leather_leggings":1,"mmorpg:jewelry/ring/iron":1,"minecraft:bow":5,"minecraft:arrow":14,"minecraft:wooden_pickaxe":1}},"DataVersion":3465}