{"stats":{"minecraft:mined":{"minecraft:spruce_planks":26,"create:millstone":1,"create:andesite_casing":22,"minecraft:grass_block":42,"create:large_cogwheel":10,"minecraft:spruce_leaves":59,"create:shaft":1,"minecraft:spruce_sapling":7,"minecraft:stone":1151,"create:mechanical_press":3,"create:radial_chassis":2,"create:cogwheel":10,"minecraft:oak_fence":10,"minecraft:torch":3,"minecraft:crafting_table":1,"minecraft:chest":1,"create:water_wheel":2,"minecraft:tall_grass":2,"minecraft:cobblestone":200,"minecraft:oak_planks":61,"create:mechanical_saw":2,"create:large_water_wheel":3,"create:gearbox":1,"minecraft:spruce_log":28,"create:mechanical_bearing":7,"minecraft:oak_log":4,"create:hand_crank":7,"minecraft:dirt":5,"minecraft:spruce_fence_gate":2,"minecraft:stone_bricks":49,"create:linear_chassis":2,"minecraft:oak_leaves":47},"minecraft:killed":{"mca:female_zombie_villager":2,"minecraft:witch":2,"minecraft:spider":57,"minecraft:slime":39,"quark:forgotten":2,"minecraft:skeleton":34,"minecraft:chicken":19,"minecraft:pig":1,"minecraft:bat":6,"mutantmonsters:mutant_skeleton":3,"minecraft:creeper":61,"minecraft:sheep":4,"minecraft:zombie":187,"mutantmonsters:mutant_zombie":1,"minecraft:cow":8,"minecraft:enderman":3},"minecraft:picked_up":{"minecraft:charcoal":7,"minecraft:iron_chestplate":2,"minecraft:crafting_table":1,"minecraft:wheat":132,"mmorpg:material/farming/0":5,"minecraft:chicken":19,"mmorpg:gems/sapphire/0":2,"minecraft:leather_leggings":3,"mmorpg:skill_gems/aura/str":1,"quark:music_disc_drips":1,"mmorpg:jewelry/ring/iron":3,"minecraft:diamond_horse_armor":1,"mmorpg:skill_gems/aura/dex":1,"minecraft:string":52,"mutantmonsters:mutant_skeleton_skull":1,"minecraft:iron_leggings":7,"minecraft:beetroot":15,"create:water_wheel":2,"create:mechanical_press":3,"minecraft:spruce_planks":29,"minecraft:beef":16,"spartanweaponry:leather_longbow":1,"minecraft:iron_pickaxe":1,"create:linear_chassis":2,"minecraft:chest":1,"mmorpg:offhand/tome/iron":2,"minecraft:birch_sapling":2,"minecraft:iron_boots":3,"minecraft:egg":172,"minecraft:stick":313,"minecraft:stone":7,"sophisticatedbackpacks:crafting_upgrade":1,"minecraft:oak_fence":18,"minecraft:torch":8,"create:andesite_casing":22,"minecraft:porkchop":2,"mmorpg:jewelry/necklace/iron":2,"iceandfire:rotten_egg":1,"create:hand_crank":8,"minecraft:diorite":64,"minecraft:carrot":39,"mutantmonsters:mutant_skeleton_pelvis":1,"create:vertical_gearbox":1,"quark:ancient_tome":1,"create:large_cogwheel":10,"mutantmonsters:hulk_hammer":1,"minecraft:arrow":69,"minecraft:rotten_flesh":226,"minecraft:beetroot_seeds":21,"farmersdelight:tree_bark":32,"mutantmonsters:mutant_skeleton_rib":4,"mutantmonsters:mutant_skeleton_shoulder_pad":3,"minecraft:mutton":5,"quark:music_disc_wind":1,"minecraft:white_wool":1,"minecraft:cobblestone":52,"minecraft:birch_log":7,"create:iron_sheet":9,"minecraft:feather":27,"minecraft:andesite":64,"minecraft:leather":18,"minecraft:golden_leggings":2,"minecraft:potato":60,"minecraft:oak_log":574,"minecraft:chainmail_chestplate":1,"minecraft:golden_boots":2,"minecraft:gunpowder":59,"mutantmonsters:mutant_skeleton_limb":11,"minecraft:dirt":47,"quark:forgotten_hat":2,"minecraft:leather_boots":1,"minecraft:bone":47,"minecraft:apple":30,"mmorpg:material/meat/0":1,"minecraft:stone_bricks":49,"minecraft:bow":6,"minecraft:wheat_seeds":170,"lightmanscurrency:wallet_copper":1,"minecraft:iron_ingot":3,"create:shaft":1,"lightmanscurrency:coin_iron":12,"minecraft:oak_planks":43,"minecraft:iron_sword":7,"create:mechanical_saw":2,"create:radial_chassis":2,"create:mechanical_bearing":7,"create:large_water_wheel":3,"create:cogwheel":10,"minecraft:poisonous_potato":1,"mmorpg:stat_soul":4,"minecraft:stripped_spruce_log":32,"minecraft:spruce_sapling":153,"mmorpg:weapon/staff/wood":1,"minecraft:spruce_log":436,"minecraft:spider_eye":16,"minecraft:leather_helmet":1,"create:wheat_flour":64,"lightmanscurrency:coin_copper":1502,"minecraft:spruce_fence_gate":2,"create:millstone":1,"minecraft:music_disc_mall":1,"minecraft:slime_ball":28,"mmorpg:gems/ruby/0":1,"lightmanscurrency:coin_gold":3,"minecraft:iron_helmet":1,"minecraft:crossbow":8,"minecraft:oak_sapling":245,"mmorpg:chest/uncommon_gear":1,"mmorpg:skill_gems/aura/int":4,"minecraft:ender_pearl":2},"minecraft:custom":{"minecraft:blood":0,"minecraft:mob_kills":447,"minecraft:animals_bred":53,"minecraft:dexterity":8,"minecraft:inspect_hopper":1,"minecraft:interact_with_crafting_table":66,"minecraft:leave_game":23,"minecraft:time_since_death":68963,"minecraft:climb_one_cm":24,"minecraft:mana":240,"minecraft:magic_shield":14,"minecraft:sprint_one_cm":713996,"minecraft:walk_one_cm":1994790,"minecraft:drop":93,"minecraft:health":260,"minecraft:damage_dealt_absorbed":320,"minecraft:play_time":769197,"minecraft:deaths":2,"minecraft:sneak_time":46120,"minecraft:walk_under_water_one_cm":4962,"minecraft:jump":5209,"minecraft:energy":234,"minecraft:walk_on_water_one_cm":12500,"minecraft:total_world_time":769197,"minecraft:interact_with_furnace":45,"minecraft:intelligence":8,"minecraft:move_speed":0,"minecraft:traded_with_villager":35,"minecraft:sleep_in_bed":1,"minecraft:levels_gained":10,"minecraft:time_since_rest":25470,"minecraft:damage_absorbed":25581,"minecraft:damage_taken":13436,"minecraft:use_wand":697,"minecraft:damage_dealt":2743,"minecraft:fly_one_cm":1391078,"minecraft:open_chest":204,"minecraft:crouch_one_cm":156727,"minecraft:strength":9,"minecraft:fall_one_cm":2802236},"minecraft:crafted":{"minecraft:oak_planks":357,"minecraft:raw_iron":96,"minecraft:redstone":64,"lightmanscurrency:coinpile_iron":18,"quark:birch_chest":1,"sophisticatedstorage:basic_tier_upgrade":2,"minecraft:iron_nugget":67,"minecraft:sand":32,"minecraft:furnace":1,"minecraft:stone":140,"lightmanscurrency:coin_iron":18,"create:mechanical_bearing":1,"create:radial_chassis":6,"lightmanscurrency:wallet_iron":1,"create:vertical_gearbox":1,"minecraft:raw_copper":16,"minecraft:iron_axe":4,"create:mechanical_press":1,"create:millstone":1,"minecraft:stone_pickaxe":7,"minecraft:chest":2,"quark:spruce_chest":2,"create:cogwheel":10,"minecraft:stone_bricks":104,"minecraft:oak_fence":74,"minecraft:oak_slab":6,"create:andesite_alloy":49,"create:hand_crank":1,"sophisticatedbackpacks:backpack":1,"minecraft:crafting_table":1,"create:mechanical_saw":3,"minecraft:spruce_planks":407,"farmersdelight:iron_knife":1,"minecraft:wooden_pickaxe":1,"minecraft:baked_potato":76,"constructionwand:iron_wand":3,"create:large_water_wheel":1,"ironfurnaces:upgrade_iron":1,"minecraft:copper_ingot":16,"sophisticatedstorage:basic_to_iron_tier_upgrade":2,"minecraft:birch_planks":8,"minecraft:stone_axe":2,"minecraft:bread":4,"minecraft:air":2456,"lightmanscurrency:coin_gold":6,"create:gearbox":1,"farmersdelight:cutting_board":1,"farmersdelight:fried_egg":16,"minecraft:charcoal":44,"create:water_wheel":2,"create:linear_chassis":6,"minecraft:stick":15,"quark:oak_chest":2,"minecraft:iron_ingot":64,"minecraft:iron_pickaxe":2,"minecraft:wooden_axe":2,"minecraft:iron_block":1,"create:large_cogwheel":3,"minecraft:andesite":64,"minecraft:redstone_torch":8,"create:shaft":32,"minecraft:spruce_fence_gate":1,"minecraft:torch":20},"minecraft:used":{"quark:birch_chest":1,"minecraft:oak_fence":270,"minecraft:chest":2,"minecraft:spruce_planks":1332,"minecraft:stone":19,"minecraft:iron_sword":6,"minecraft:stone_hoe":2,"minecraft:rotten_flesh":1,"create:mechanical_bearing":8,"minecraft:torch":21,"minecraft:dirt":18,"constructionwand:iron_wand":107,"create:cogwheel":13,"minecraft:carrot":19,"minecraft:stripped_spruce_log":15,"minecraft:wooden_axe":26,"minecraft:iron_axe":250,"minecraft:birch_sapling":1,"create:millstone":1,"minecraft:stone_bricks":159,"farmersdelight:cutting_board":1,"create:radial_chassis":2,"create:shaft":1,"minecraft:oak_sapling":104,"minecraft:furnace":1,"minecraft:egg":129,"farmersdelight:fried_egg":3,"minecraft:wheat_seeds":1,"minecraft:water_bucket":44,"farmersdelight:iron_knife":29,"minecraft:stone_pickaxe":917,"minecraft:baked_potato":42,"minecraft:oak_planks":670,"minecraft:wooden_pickaxe":5,"minecraft:spruce_fence_gate":3,"create:mechanical_saw":2,"minecraft:crafting_table":2,"minecraft:spruce_log":53,"sophisticatedstorage:basic_tier_upgrade":1,"minecraft:oak_log":119,"create:linear_chassis":2,"create:mechanical_press":4,"minecraft:iron_pickaxe":493,"minecraft:bread":4,"sophisticatedstorage:basic_to_iron_tier_upgrade":1,"create:water_wheel":2,"create:large_water_wheel":4,"minecraft:spruce_sapling":71,"minecraft:stone_axe":53,"mmorpg:weapon/staff/wood":27,"minecraft:cobblestone":58,"minecraft:bucket":43,"quark:oak_chest":1,"create:hand_crank":9,"alexsmobs:animal_dictionary":2,"create:vertical_gearbox":1,"create:large_cogwheel":13},"minecraft:dropped":{"minecraft:iron_ingot":9,"minecraft:golden_boots":2,"mmorpg:stat_soul":1,"minecraft:iron_sword":4,"minecraft:wheat_seeds":26,"minecraft:poisonous_potato":1,"minecraft:crossbow":4,"minecraft:leather":14,"minecraft:leather_helmet":1,"minecraft:stick":64,"minecraft:torch":4,"minecraft:iron_leggings":5,"minecraft:iron_pickaxe":1,"minecraft:string":3,"minecraft:spruce_sapling":42,"minecraft:wheat":107,"minecraft:rotten_flesh":23,"mmorpg:material/farming/0":1,"mmorpg:jewelry/necklace/iron":1,"lightmanscurrency:coin_gold":3,"minecraft:potato":1,"minecraft:golden_leggings":2,"minecraft:oak_sapling":69,"quark:forgotten_hat":1,"minecraft:leather_leggings":2,"mmorpg:jewelry/ring/iron":1,"minecraft:bow":5,"minecraft:arrow":14,"minecraft:wooden_pickaxe":1},"minecraft:broken":{"minecraft:iron_boots":2,"minecraft:iron_chestplate":2,"minecraft:iron_leggings":1,"minecraft:stone_pickaxe":7,"minecraft:chainmail_chestplate":1,"minecraft:iron_axe":3,"constructionwand:iron_wand":2,"minecraft:stone_axe":2,"minecraft:iron_pickaxe":1,"minecraft:iron_helmet":1,"minecraft:wooden_axe":2,"quark:forgotten_hat":1}},"DataVersion":3465}