{"stats":{"minecraft:custom":{"minecraft:dexterity":6,"minecraft:interact_with_crafting_table":114,"minecraft:open_barrel":35,"minecraft:leave_game":20,"minecraft:time_since_death":58935,"minecraft:play_time":1450280,"minecraft:deaths":6,"minecraft:jump":13525,"minecraft:interact_with_furnace":47,"minecraft:intelligence":46,"minecraft:play_record":6,"minecraft:traded_with_villager":33,"minecraft:sleep_in_bed":10,"minecraft:damage_dealt":4063,"minecraft:inspect_dispenser":1,"minecraft:horse_one_cm":45193,"minecraft:interact_with_anvil":3,"minecraft:inspect_hopper":14,"minecraft:mana":628,"minecraft:magic_shield":11,"minecraft:damage_dealt_absorbed":454,"minecraft:sneak_time":91014,"minecraft:total_world_time":1450280,"minecraft:move_speed":0,"minecraft:time_since_rest":59134,"minecraft:swim_one_cm":203899,"minecraft:fly_one_cm":3888474,"minecraft:open_chest":560,"minecraft:fish_caught":5,"minecraft:fall_one_cm":6083539,"minecraft:blood":0,"minecraft:animals_bred":39,"minecraft:sprint_one_cm":2522131,"minecraft:drop":830,"minecraft:health":214,"minecraft:talked_to_villager":4,"minecraft:energy":210,"minecraft:walk_on_water_one_cm":84947,"minecraft:levels_gained":11,"minecraft:crouch_one_cm":439413,"minecraft:mob_kills":768,"minecraft:climb_one_cm":11177,"minecraft:walk_one_cm":4564611,"minecraft:walk_under_water_one_cm":184040,"minecraft:damage_taken":81850,"minecraft:damage_absorbed":37205,"minecraft:trigger_trapped_chest":5,"minecraft:strength":6},"minecraft:used":{"minecraft:beetroot":3,"minecraft:chest":3,"minecraft:rotten_flesh":43,"mcwfences:wooden_cheval_de_frise":4,"minecraft:snowball":66,"minecraft:jungle_sapling":10,"minecraft:music_disc_ward":1,"minecraft:wet_sponge":2,"minecraft:music_disc_chirp":1,"mutantmonsters:hulk_hammer":103,"minecraft:furnace":1,"minecraft:oak_sapling":81,"minecraft:egg":72,"minecraft:potato":11,"minecraft:cactus":1,"minecraft:wooden_pickaxe":219,"minecraft:sand":5,"minecraft:pumpkin_seeds":10,"minecraft:red_terracotta":1,"minecraft:torch":189,"minecraft:anvil":1,"minecraft:oak_fence_gate":3,"minecraft:music_disc_mellohi":1,"lightmanscurrency:coinpile_iron":1,"minecraft:iron_axe":130,"minecraft:rooted_dirt":2,"minecraft:melon_seeds":10,"minecraft:bamboo":35,"minecraft:tadpole_bucket":1,"quark:blossom_planks":169,"minecraft:acacia_planks":201,"quark:blossom_log":17,"minecraft:wheat_seeds":82,"minecraft:water_bucket":95,"minecraft:birch_planks":57,"mutantmonsters:mutant_skeleton_leggings":1,"minecraft:lead":3,"quark:ancient_fruit":79,"quark:red_blossom_leaves":3,"minecraft:tnt":8,"minecraft:crafting_table":4,"minecraft:white_bed":4,"minecraft:spruce_log":1,"mmorpg:weapon/staff/iron":25,"minecraft:spruce_sapling":126,"minecraft:cobblestone":177,"minecraft:cooked_porkchop":13,"minecraft:sandstone_slab":1,"quark:oak_chest":2,"minecraft:jukebox":1,"quark:ancient_sapling":39,"minecraft:iron_shovel":23,"minecraft:iron_sword":31,"quark:ancient_log":286,"minecraft:mutton":2,"minecraft:jungle_planks":889,"minecraft:carrot":79,"quark:stripped_ancient_log":2,"minecraft:milk_bucket":10,"minecraft:glass":90,"minecraft:iron_helmet":1,"mcwfences:oak_highley_gate":2,"minecraft:beetroot_seeds":11,"minecraft:stone_pickaxe":918,"minecraft:mangrove_planks":4,"minecraft:oak_planks":1259,"quark:ancient_fence":47,"minecraft:sandstone":2,"minecraft:diamond_axe":1410,"minecraft:sugar_cane":3,"minecraft:sponge":5,"minecraft:shears":36,"minecraft:bread":6,"minecraft:melon_slice":8,"mutantmonsters:mutant_skeleton_boots":2,"minecraft:coarse_dirt":20,"minecraft:bone_meal":164,"minecraft:experience_bottle":1,"minecraft:oak_fence":83,"sophisticatedbackpacks:iron_backpack":1,"minecraft:music_disc_otherside":1,"minecraft:stone_shovel":209,"minecraft:redstone":2,"minecraft:spruce_planks":692,"minecraft:wooden_shovel":119,"minecraft:stone_hoe":6,"minecraft:cooked_chicken":2,"minecraft:dirt":274,"minecraft:wooden_axe":127,"minecraft:dark_oak_planks":377,"spartanweaponry:iron_rapier":8,"minecraft:pumpkin":3,"farmersdelight:fried_egg":49,"alexsmobs:blobfish":2,"minecraft:amethyst_block":4,"minecraft:snow_block":4,"quark:ancient_planks":14,"minecraft:baked_potato":10,"minecraft:cobblestone_slab":6,"minecraft:music_disc_cat":2,"spartanweaponry:wooden_longbow":1,"minecraft:wooden_hoe":71,"minecraft:apple":14,"minecraft:stone_axe":2395,"mmorpg:weapon/staff/wood":11,"minecraft:fishing_rod":6,"minecraft:bucket":97,"alexsmobs:animal_dictionary":3,"quark:red_blossom_sapling":1},"minecraft:mined":{"minecraft:dark_oak_planks":9,"minecraft:black_terracotta":1,"minecraft:jungle_leaves":7,"minecraft:carved_pumpkin":1,"lightmanscurrency:coinpile_iron":1,"minecraft:acacia_log":12,"minecraft:jungle_log":1,"minecraft:tall_seagrass":8,"minecraft:magma_block":1,"minecraft:fire":5,"minecraft:barrel":1,"minecraft:pumpkin":36,"minecraft:deepslate_lapis_ore":2,"mcwfences:wooden_cheval_de_frise":4,"minecraft:tripwire":17,"minecraft:sandstone_slab":1,"minecraft:cut_sandstone":2,"minecraft:brown_mushroom":1,"quark:ancient_planks":3,"minecraft:powder_snow":27,"minecraft:torch":23,"minecraft:melon":12,"minecraft:dead_bush":9,"quark:blossom_log":62,"minecraft:sugar_cane":7,"minecraft:amethyst_block":4,"minecraft:birch_sapling":1,"minecraft:wheat":1,"quark:ancient_sapling":4,"minecraft:pumpkin_stem":1,"minecraft:prismarine_brick_stairs":2,"minecraft:oak_fence_gate":3,"minecraft:mangrove_log":4,"minecraft:deepslate":2,"minecraft:suspicious_gravel":5,"quark:ancient_log":2707,"minecraft:yellow_terracotta":2,"mcwfences:oak_highley_gate":1,"minecraft:dark_oak_log":4,"quark:blue_blossom_leaves":23,"minecraft:dark_oak_fence":1,"minecraft:jungle_planks":1,"minecraft:redstone_wire":3,"minecraft:red_mushroom":2,"minecraft:jungle_sapling":2,"minecraft:snow":84,"minecraft:suspicious_sand":3,"minecraft:potatoes":1,"minecraft:cobblestone_slab":2,"minecraft:vine":4,"minecraft:bamboo_sapling":1,"minecraft:bamboo":45,"quark:lavender_blossom_leaves":1,"minecraft:dandelion":1,"minecraft:cornflower":2,"minecraft:prismarine_slab":1,"quark:ancient_leaves":584,"minecraft:tall_grass":38,"minecraft:red_terracotta":4,"minecraft:coarse_dirt":40,"minecraft:spruce_log":8,"minecraft:mangrove_leaves":2,"minecraft:gravel":28,"minecraft:cobweb":1,"minecraft:acacia_planks":5,"minecraft:spruce_planks":46,"minecraft:stone_pressure_plate":1,"minecraft:farmland":1,"minecraft:oak_sapling":23,"quark:orange_blossom_leaves":6,"minecraft:grass_block":227,"minecraft:sandstone_stairs":2,"minecraft:iron_ore":7,"quark:blossom_planks":1,"minecraft:azure_bluet":2,"minecraft:iron_bars":2,"minecraft:melon_stem":1,"minecraft:orange_terracotta":1,"minecraft:poppy":3,"minecraft:chest":3,"minecraft:cobblestone":359,"minecraft:prismarine":1,"minecraft:oak_planks":24,"minecraft:wall_torch":1,"minecraft:pink_petals":3,"minecraft:seagrass":10,"minecraft:tnt":17,"minecraft:oak_log":29,"minecraft:beetroots":11,"minecraft:dirt":348,"minecraft:sand":56,"minecraft:tripwire_hook":2,"minecraft:netherrack":37,"minecraft:oak_leaves":87,"minecraft:dark_oak_leaves":8,"minecraft:mangrove_roots":37,"minecraft:spruce_leaves":106,"minecraft:sandstone":19,"minecraft:rooted_dirt":2,"minecraft:spore_blossom":1,"minecraft:spruce_sapling":5,"minecraft:deepslate_iron_ore":10,"minecraft:wet_sponge":2,"minecraft:stone":553,"quark:red_blossom_leaves":231,"minecraft:acacia_leaves":60,"minecraft:snow_block":1,"minecraft:oak_fence":73,"minecraft:deepslate_coal_ore":5,"minecraft:lapis_ore":4,"minecraft:lily_pad":1,"quark:stripped_ancient_log":3,"minecraft:prismarine_bricks":14,"minecraft:cactus":1,"minecraft:birch_planks":10,"minecraft:sea_pickle":3,"minecraft:sweet_berry_bush":3,"elevatorid:elevator_white":1,"minecraft:coal_ore":6,"minecraft:cherry_leaves":1,"minecraft:terracotta":11},"minecraft:killed":{"alexsmobs:lobster":1,"minecraft:cave_spider":4,"minecraft:skeleton":77,"minecraft:guardian":6,"minecraft:fox":1,"minecraft:chicken":13,"mowziesmobs:foliaath":1,"minecraft:elder_guardian":2,"mutantmonsters:mutant_skeleton":3,"minecraft:pillager":8,"minecraft:zombie":212,"alexsmobs:cachalot_whale":1,"minecraft:glow_squid":1,"minecraft:cow":5,"minecraft:evoker":1,"alexsmobs:blobfish":6,"mca:male_zombie_villager":3,"minecraft:vindicator":5,"minecraft:snow_golem":6,"minecraft:husk":1,"mutantmonsters:creeper_minion":10,"minecraft:enderman":11,"minecraft:witch":2,"minecraft:spider":119,"quark:forgotten":3,"minecraft:pig":11,"minecraft:creeper":125,"minecraft:sheep":1,"minecraft:slime":76,"minecraft:drowned":3,"alexsmobs:frilled_shark":3,"minecraft:bat":10,"mutantmonsters:mutant_zombie":1},"minecraft:picked_up":{"minecraft:seagrass":1,"minecraft:iron_chestplate":2,"minecraft:anvil":1,"minecraft:prismarine_shard":5,"minecraft:lead":13,"minecraft:amethyst_block":4,"minecraft:music_disc_cat":2,"minecraft:string":130,"minecraft:pufferfish":1,"minecraft:beetroot":53,"mcwfences:oak_highley_gate":1,"minecraft:cobbled_deepslate":2,"minecraft:spruce_planks":61,"mmorpg:material/fishing/0":4,"minecraft:melon_slice":57,"minecraft:mangrove_log":4,"minecraft:golden_helmet":1,"mmorpg:gems/opal/0":1,"mmorpg:gems/emerald/0":1,"minecraft:acacia_log":21,"quark:blossom_log":125,"mmorpg:jewelry/necklace/iron":1,"minecraft:cherry_log":16,"mutantmonsters:mutant_skeleton_pelvis":2,"lightmanscurrency:coin_emerald":2,"lightmanscurrency:coinpile_iron":1,"minecraft:red_tulip":1,"minecraft:carved_pumpkin":1,"quark:ancient_planks":7,"minecraft:iron_bars":1,"minecraft:snowball":187,"alexsmobs:lobster_tail":1,"minecraft:birch_log":18,"minecraft:magma_block":1,"minecraft:feather":9,"minecraft:jungle_log":41,"minecraft:flint":4,"spartanweaponry:iron_rapier":2,"mmorpg:material/meat/0":3,"spartanweaponry:iron_greatsword":1,"sophisticatedbackpacks:iron_backpack":4,"mutantmonsters:mutant_skeleton_leggings":2,"spartanweaponry:wooden_longbow":2,"minecraft:dark_oak_log":83,"minecraft:red_terracotta":4,"minecraft:barrel":1,"constructionwand:stone_wand":1,"minecraft:rooted_dirt":2,"minecraft:dark_oak_fence":1,"minecraft:spruce_leaves":17,"minecraft:coarse_dirt":42,"minecraft:sandstone_slab":1,"minecraft:leather_leggings":1,"quark:ancient_sapling":568,"quark:red_blossom_leaves":3,"minecraft:cornflower":6,"minecraft:iron_shovel":1,"minecraft:music_disc_otherside":1,"minecraft:beef":5,"minecraft:jungle_sapling":12,"minecraft:poppy":7,"minecraft:chest":3,"minecraft:birch_sapling":9,"minecraft:egg":301,"minecraft:sandstone":19,"minecraft:music_disc_mellohi":1,"minecraft:carrot":125,"minecraft:redstone":3,"minecraft:prismarine_crystals":5,"minecraft:tnt":17,"minecraft:beetroot_seeds":115,"minecraft:sandstone_stairs":2,"minecraft:yellow_terracotta":1,"minecraft:totem_of_undying":1,"sophisticatedbackpacks:copper_backpack":1,"minecraft:mutton":2,"minecraft:white_wool":12,"quark:music_disc_wind":1,"minecraft:oxeye_daisy":2,"minecraft:tripwire_hook":2,"spartanweaponry:iron_longsword":2,"minecraft:red_mushroom":5,"mutantmonsters:mutant_skeleton_chestplate":1,"minecraft:oak_log":444,"minecraft:lily_pad":1,"mutantmonsters:mutant_skeleton_limb":17,"minecraft:paper":1,"minecraft:white_banner":1,"minecraft:apple":15,"minecraft:stone_bricks":1,"minecraft:kelp":1,"mowziesmobs:foliaath_seed":2,"minecraft:spore_blossom":4,"minecraft:oak_fence_gate":3,"minecraft:stone_pickaxe":1,"lightmanscurrency:coin_iron":55,"minecraft:iron_sword":7,"minecraft:prismarine_brick_stairs":1,"minecraft:milk_bucket":1,"minecraft:sweet_berries":5,"minecraft:gravel":22,"mmorpg:stat_soul":1,"minecraft:spruce_sapling":346,"minecraft:spruce_log":824,"mmorpg:weapon/staff/iron":2,"lightmanscurrency:coin_copper":2137,"minecraft:slime_ball":46,"lightmanscurrency:coin_gold":126,"minecraft:diamond_axe":1,"quark:stripped_ancient_log":3,"quark:ancient_log":2907,"minecraft:melon_seeds":4,"minecraft:ender_pearl":4,"minecraft:wheat":91,"mmorpg:material/farming/0":10,"spartanweaponry:iron_katana":1,"mutantmonsters:mutant_skeleton_skull":3,"minecraft:iron_leggings":3,"minecraft:experience_bottle":1,"minecraft:sea_pickle":7,"alexsmobs:banana":2,"minecraft:white_tulip":1,"minecraft:cobblestone_slab":3,"minecraft:redstone_torch":1,"minecraft:iron_boots":2,"minecraft:stick":336,"minecraft:oak_fence":73,"minecraft:torch":37,"minecraft:porkchop":11,"minecraft:snow_block":2,"iceandfire:rotten_egg":2,"quark:blossom_planks":5,"quark:orange_blossom_leaves":10,"mutantmonsters:hulk_hammer":1,"minecraft:cactus":3,"minecraft:rotten_flesh":195,"minecraft:music_disc_ward":2,"alexsmobs:lost_tentacle":1,"minecraft:mangrove_roots":35,"mutantmonsters:mutant_skeleton_shoulder_pad":3,"minecraft:cod":2,"minecraft:cobblestone":621,"minecraft:pink_petals":29,"minecraft:golden_leggings":1,"minecraft:potato":142,"minecraft:prismarine_bricks":14,"minecraft:lapis_lazuli":33,"minecraft:dirt":535,"minecraft:glass":32,"minecraft:bone":87,"minecraft:acacia_planks":5,"minecraft:bow":14,"minecraft:orange_tulip":2,"minecraft:wheat_seeds":159,"minecraft:bamboo":208,"alexsmobs:blobfish":47,"minecraft:oak_planks":52,"minecraft:poisonous_potato":2,"minecraft:sand":55,"minecraft:jungle_planks":2,"quark:red_blossom_sapling":1,"minecraft:crossbow":3,"minecraft:bone_meal":1,"minecraft:emerald":3,"minecraft:oak_sapling":216,"minecraft:netherrack":37,"minecraft:fishing_rod":1,"minecraft:azure_bluet":6,"minecraft:chicken":8,"minecraft:brown_mushroom":4,"mmorpg:jewelry/ring/iron":4,"minecraft:moss_carpet":4,"minecraft:iron_axe":1,"minecraft:item_frame":1,"mmorpg:offhand/tome/iron":3,"minecraft:sugar_cane":16,"minecraft:dark_oak_sapling":5,"minecraft:raw_iron":17,"create_connected:music_disc_elevator":1,"lightmanscurrency:wallet_iron":1,"minecraft:stone_pressure_plate":1,"minecraft:dark_oak_planks":8,"minecraft:arrow":102,"mutantmonsters:mutant_skeleton_rib":12,"minecraft:pink_tulip":2,"mcwfences:wooden_cheval_de_frise":2,"minecraft:saddle":1,"minecraft:wet_sponge":4,"minecraft:glow_ink_sac":10,"minecraft:salmon":2,"minecraft:leather":5,"minecraft:cut_sandstone":2,"minecraft:birch_planks":7,"minecraft:gunpowder":97,"artifacts:cloud_in_a_bottle":2,"quark:forgotten_hat":3,"minecraft:orange_terracotta":1,"minecraft:iron_ingot":12,"minecraft:acacia_sapling":5,"minecraft:music_disc_chirp":1,"minecraft:book":1,"quark:ancient_fruit":100,"minecraft:pumpkin":36,"minecraft:dandelion":4,"mmorpg:weapon/staff/wood":21,"quark:oak_chest":1,"minecraft:spider_eye":37,"minecraft:pumpkin_seeds":37,"minecraft:iron_helmet":4,"mutantmonsters:mutant_skeleton_boots":1,"minecraft:cherry_sapling":3,"minecraft:terracotta":11,"minecraft:coal":11,"mmorpg:offhand/dodge/iron":1},"minecraft:crafted":{"mcwfences:oak_highley_gate":1,"minecraft:glass":82,"mcwfences:wooden_cheval_de_frise":4,"minecraft:melon_seeds":10,"mutantmonsters:mutant_skeleton_boots":2,"minecraft:wooden_shovel":2,"minecraft:cooked_porkchop":13,"minecraft:wooden_hoe":2,"constructionwand:stone_wand":2,"quark:oak_chest":1,"quark:ancient_planks":84,"minecraft:stone_shovel":3,"minecraft:jukebox":1,"lightmanscurrency:coin_iron":18,"minecraft:bone_meal":210,"minecraft:stone_pickaxe":6,"minecraft:dark_oak_planks":392,"constructionwand:diamond_wand":1,"lightmanscurrency:coin_gold":108,"minecraft:oak_fence_gate":1,"minecraft:oak_log":32,"minecraft:wooden_axe":5,"minecraft:white_bed":4,"minecraft:oak_planks":1468,"minecraft:cobblestone_slab":6,"lightmanscurrency:coinpile_iron":3,"minecraft:cooked_chicken":2,"minecraft:sand":64,"minecraft:stone_hoe":1,"minecraft:oak_fence":12,"quark:blossom_planks":176,"minecraft:crafting_table":4,"minecraft:spruce_planks":964,"minecraft:baked_potato":11,"minecraft:wooden_pickaxe":5,"quark:ancient_fence":57,"minecraft:birch_planks":52,"minecraft:pumpkin_seeds":8,"farmersdelight:fried_egg":67,"minecraft:charcoal":75,"minecraft:stick":100,"minecraft:iron_ingot":63,"minecraft:snow_block":2,"minecraft:furnace":1,"alexsmobs:cooked_lobster_tail":1,"minecraft:mangrove_planks":4,"minecraft:stone_axe":25,"minecraft:jungle_planks":888,"minecraft:acacia_planks":196,"minecraft:torch":148},"minecraft:broken":{"mutantmonsters:mutant_skeleton_chestplate":1,"minecraft:wooden_shovel":2,"minecraft:iron_boots":1,"minecraft:iron_chestplate":2,"mutantmonsters:mutant_skeleton_boots":2,"quark:forgotten_hat":1,"minecraft:wooden_pickaxe":3,"minecraft:iron_axe":1,"minecraft:iron_helmet":2,"minecraft:wooden_hoe":1,"mutantmonsters:mutant_skeleton_skull":3,"minecraft:iron_shovel":1,"minecraft:leather_leggings":1,"minecraft:stone_pickaxe":7,"mutantmonsters:mutant_skeleton_leggings":1,"minecraft:stone_axe":25,"minecraft:wooden_axe":5,"minecraft:stone_shovel":1,"minecraft:diamond_axe":1},"minecraft:dropped":{"sophisticatedbackpacks:iron_backpack":2,"minecraft:iron_sword":1,"minecraft:lapis_lazuli":45,"minecraft:glow_ink_sac":10,"minecraft:spore_blossom":3,"minecraft:diamond":25,"minecraft:sandstone_stairs":2,"minecraft:glow_berries":6,"artifacts:cloud_in_a_bottle":1,"constructionwand:stone_wand":3,"mutantmonsters:mutant_skeleton_shoulder_pad":2,"minecraft:emerald":16,"minecraft:gold_block":4,"minecraft:dirt":202,"mmorpg:gems/emerald/0":1,"minecraft:large_fern":9,"minecraft:jungle_sapling":2,"minecraft:bone_meal":46,"minecraft:sand":18,"minecraft:fishing_rod":1,"quark:ancient_tome":1,"minecraft:bone":14,"minecraft:goat_horn":1,"minecraft:sugar_cane":9,"mutantmonsters:hulk_hammer":1,"minecraft:cobbled_deepslate":2,"minecraft:birch_sapling":1,"minecraft:wheat":9,"quark:ancient_fruit":16,"minecraft:rotten_flesh":143,"minecraft:oak_planks":196,"minecraft:enchanted_golden_apple":1,"minecraft:azure_bluet":4,"minecraft:salmon":12,"mmorpg:weapon/staff/iron":3,"minecraft:sea_lantern":4,"minecraft:tipped_arrow":15,"minecraft:jungle_log":37,"minecraft:acacia_sapling":5,"minecraft:beef":5,"iammusicplayer:cassette_tape":1,"minecraft:egg":174,"minecraft:enchanted_book":2,"minecraft:iron_ingot":62,"minecraft:wheat_seeds":5,"minecraft:tnt":1,"lightmanscurrency:coin_emerald":4,"minecraft:iron_golem_spawn_egg":1,"minecraft:yellow_terracotta":1,"minecraft:iron_helmet":1,"minecraft:feather":5,"minecraft:cobblestone":410,"minecraft:prismarine_crystals":12,"minecraft:book":4,"minecraft:coal":20,"minecraft:golden_apple":1,"minecraft:pufferfish":1,"minecraft:turtle_egg":4,"minecraft:cobweb":11,"minecraft:diamond_horse_armor":1,"minecraft:sponge":20,"minecraft:wooden_hoe":1,"alexsmobs:cooked_lobster_tail":1,"quark:music_disc_wind":1,"minecraft:pumpkin":13,"minecraft:heart_of_the_sea":1,"minecraft:white_banner":1,"minecraft:paper":4,"minecraft:string":72,"minecraft:lily_pad":1,"quark:blue_blossom_sapling":6,"minecraft:spruce_sapling":114,"minecraft:snow_block":4,"minecraft:moss_carpet":4,"minecraft:stone_shovel":1,"minecraft:experience_bottle":1,"minecraft:name_tag":2,"minecraft:budding_amethyst":4,"minecraft:shears":1,"minecraft:pumpkin_seeds":3,"minecraft:suspicious_stew":1,"lightmanscurrency:coin_gold":11,"minecraft:potato":22,"minecraft:sea_pickle":3,"minecraft:spruce_planks":305,"mutantmonsters:mutant_skeleton_limb":10,"mutantmonsters:mutant_skeleton_leggings":1,"minecraft:carved_pumpkin":1,"minecraft:stone_bricks":1,"minecraft:spider_eye":29,"minecraft:bamboo":12,"lightmanscurrency:coin_iron":13,"quark:orange_blossom_sapling":6,"minecraft:bow":2,"minecraft:bell":1,"minecraft:magma_block":1,"mutantmonsters:mutant_skeleton_rib":8,"minecraft:terracotta":5,"minecraft:moss_block":10,"minecraft:birch_planks":2,"lightmanscurrency:coin_copper":120,"minecraft:oak_log":36,"minecraft:baked_potato":1,"minecraft:ender_pearl":1,"minecraft:dark_oak_sapling":5,"minecraft:tide_armor_trim_smithing_template":1,"minecraft:leather":5,"lightmanscurrency:coinpile_iron":1,"minecraft:prismarine_brick_stairs":1,"minecraft:jungle_planks":1,"minecraft:cod":10,"minecraft:spruce_leaves":17,"constructionwand:diamond_wand":1,"minecraft:cornflower":4,"minecraft:coast_armor_trim_smithing_template":3,"minecraft:seagrass":19,"minecraft:snowball":113,"mmorpg:material/meat/0":3,"minecraft:pumpkin_pie":4,"quark:orange_blossom_leaves":10,"minecraft:wet_sponge":2,"quark:ancient_sapling":352,"minecraft:gold_ingot":44,"minecraft:gravel":3,"quark:yellow_blossom_sapling":6,"minecraft:mangrove_roots":35,"quark:ancient_planks":4,"mutantmonsters:mutant_skeleton_pelvis":2,"minecraft:music_disc_otherside":1,"minecraft:pointed_dripstone":10,"minecraft:beetroot":15,"minecraft:fern":8,"minecraft:carrot":12,"minecraft:poppy":5,"minecraft:mangrove_log":3,"minecraft:gunpowder":44,"minecraft:beetroot_seeds":3,"alexsmobs:lost_tentacle":1,"quark:forgotten_hat":1,"minecraft:iron_bars":1,"minecraft:arrow":55,"minecraft:prismarine_bricks":14,"minecraft:netherrack":37,"minecraft:spawner":1,"minecraft:water_bucket":1,"minecraft:stone_hoe":1,"quark:red_blossom_sapling":6,"minecraft:sniffer_egg":2,"quark:blossom_planks":12,"minecraft:poisonous_potato":1,"minecraft:prismarine_shard":8,"minecraft:mangrove_propagule":2,"minecraft:lead":5,"mutantmonsters:mutant_skeleton_boots":1,"minecraft:acacia_log":2,"mmorpg:weapon/staff/wood":12,"minecraft:stick":100,"quark:blossom_log":42,"minecraft:melon_slice":4,"spartanweaponry:iron_greatsword":1,"minecraft:cactus":2,"minecraft:pink_petals":29,"minecraft:music_disc_cat":1,"minecraft:dandelion":2,"minecraft:redstone":1,"minecraft:kelp":12,"minecraft:coarse_dirt":18,"minecraft:wild_armor_trim_smithing_template":3,"minecraft:raw_iron":17,"mmorpg:material/fishing/0":4,"alexsmobs:blobfish":45,"quark:ancient_fence":8,"lightmanscurrency:coin_diamond":1,"minecraft:red_terracotta":3,"quark:lavender_blossom_sapling":6,"quark:ancient_log":581,"iceandfire:rotten_egg":1,"farmersdelight:fried_egg":18,"minecraft:orange_terracotta":1,"mmorpg:offhand/tome/iron":2,"minecraft:golden_leggings":1,"minecraft:oak_sapling":22,"minecraft:slime_ball":31,"minecraft:spruce_log":999,"mmorpg:jewelry/ring/iron":1,"minecraft:music_disc_mellohi":1,"minecraft:nautilus_shell":4}},"DataVersion":3465}