{"stats":{"minecraft:dropped":{"sophisticatedbackpacks:iron_backpack":1,"minecraft:moss_block":10,"minecraft:lapis_lazuli":33,"lightmanscurrency:coin_copper":102,"minecraft:oak_log":36,"minecraft:baked_potato":1,"minecraft:ender_pearl":1,"minecraft:diamond":9,"minecraft:spore_blossom":2,"minecraft:leather":4,"constructionwand:stone_wand":3,"lightmanscurrency:coinpile_iron":1,"mutantmonsters:mutant_skeleton_shoulder_pad":2,"minecraft:emerald":16,"minecraft:spruce_leaves":17,"minecraft:dirt":35,"constructionwand:diamond_wand":1,"minecraft:cornflower":4,"minecraft:snowball":113,"mmorpg:material/meat/0":2,"quark:orange_blossom_leaves":10,"minecraft:bone_meal":46,"quark:ancient_sapling":262,"minecraft:bone":7,"quark:yellow_blossom_sapling":6,"minecraft:mangrove_roots":35,"minecraft:sugar_cane":9,"quark:ancient_planks":4,"mutantmonsters:mutant_skeleton_pelvis":2,"minecraft:music_disc_otherside":1,"minecraft:birch_sapling":1,"minecraft:pointed_dripstone":10,"quark:ancient_fruit":16,"minecraft:beetroot":7,"minecraft:rotten_flesh":112,"minecraft:oak_planks":187,"minecraft:azure_bluet":4,"minecraft:carrot":6,"mmorpg:weapon/staff/iron":2,"minecraft:poppy":2,"minecraft:mangrove_log":3,"minecraft:gunpowder":28,"minecraft:beetroot_seeds":3,"minecraft:acacia_sapling":5,"quark:forgotten_hat":1,"minecraft:arrow":35,"minecraft:beef":4,"minecraft:egg":68,"minecraft:stone_hoe":1,"minecraft:water_bucket":1,"minecraft:iron_ingot":11,"minecraft:wheat_seeds":2,"quark:red_blossom_sapling":6,"minecraft:sniffer_egg":2,"quark:blossom_planks":12,"minecraft:poisonous_potato":1,"minecraft:mangrove_propagule":2,"minecraft:iron_helmet":1,"minecraft:cobblestone":410,"minecraft:lead":5,"minecraft:acacia_log":2,"minecraft:coal":11,"minecraft:golden_apple":1,"mmorpg:weapon/staff/wood":9,"minecraft:stick":54,"quark:blossom_log":42,"minecraft:wooden_hoe":1,"minecraft:pumpkin":13,"minecraft:string":2,"minecraft:pink_petals":29,"minecraft:lily_pad":1,"quark:blue_blossom_sapling":6,"minecraft:music_disc_cat":1,"minecraft:spruce_sapling":103,"minecraft:dandelion":1,"minecraft:snow_block":4,"minecraft:moss_carpet":4,"minecraft:experience_bottle":1,"minecraft:stone_shovel":1,"minecraft:raw_iron":17,"minecraft:name_tag":2,"minecraft:budding_amethyst":4,"minecraft:shears":1,"minecraft:pumpkin_seeds":3,"lightmanscurrency:coin_gold":2,"quark:lavender_blossom_sapling":6,"quark:ancient_log":581,"farmersdelight:fried_egg":9,"minecraft:spruce_planks":302,"mutantmonsters:mutant_skeleton_limb":10,"mmorpg:offhand/tome/iron":1,"minecraft:golden_leggings":1,"minecraft:oak_sapling":16,"minecraft:carved_pumpkin":1,"minecraft:spider_eye":19,"minecraft:slime_ball":31,"minecraft:spruce_log":999,"lightmanscurrency:coin_iron":6,"quark:orange_blossom_sapling":6,"minecraft:bow":2,"mmorpg:jewelry/ring/iron":1,"minecraft:music_disc_mellohi":1,"mutantmonsters:mutant_skeleton_rib":8,"minecraft:terracotta":1},"minecraft:killed":{"minecraft:witch":2,"minecraft:spider":100,"quark:forgotten":2,"minecraft:skeleton":53,"minecraft:fox":1,"minecraft:chicken":8,"mowziesmobs:foliaath":1,"minecraft:pig":11,"mutantmonsters:mutant_skeleton":3,"minecraft:creeper":94,"minecraft:sheep":1,"minecraft:pillager":3,"minecraft:zombie":161,"minecraft:cow":5,"mca:male_zombie_villager":2,"minecraft:slime":56,"minecraft:snow_golem":6,"minecraft:bat":7,"mutantmonsters:creeper_minion":7,"minecraft:enderman":9},"minecraft:broken":{"mutantmonsters:mutant_skeleton_skull":1,"minecraft:wooden_shovel":2,"minecraft:leather_leggings":1,"minecraft:iron_boots":1,"minecraft:iron_chestplate":1,"minecraft:stone_pickaxe":7,"mutantmonsters:mutant_skeleton_boots":1,"minecraft:stone_axe":24,"minecraft:wooden_axe":5,"minecraft:stone_shovel":1,"minecraft:wooden_pickaxe":1,"minecraft:iron_axe":1,"minecraft:iron_helmet":2,"minecraft:wooden_hoe":1},"minecraft:picked_up":{"minecraft:iron_chestplate":1,"minecraft:wheat":90,"mmorpg:material/farming/0":10,"minecraft:lead":13,"minecraft:amethyst_block":4,"minecraft:music_disc_cat":2,"spartanweaponry:iron_katana":1,"minecraft:string":91,"mutantmonsters:mutant_skeleton_skull":3,"minecraft:iron_leggings":2,"minecraft:experience_bottle":1,"minecraft:beetroot":45,"mcwfences:oak_highley_gate":1,"minecraft:spruce_planks":45,"minecraft:white_tulip":1,"minecraft:cobblestone_slab":3,"minecraft:mangrove_log":4,"minecraft:iron_boots":2,"mmorpg:gems/opal/0":1,"mmorpg:gems/emerald/0":1,"minecraft:stick":299,"minecraft:oak_fence":73,"minecraft:torch":29,"minecraft:acacia_log":21,"minecraft:snow_block":2,"quark:blossom_log":125,"minecraft:porkchop":11,"mmorpg:jewelry/necklace/iron":1,"minecraft:cherry_log":16,"mutantmonsters:mutant_skeleton_pelvis":2,"quark:blossom_planks":5,"quark:orange_blossom_leaves":10,"lightmanscurrency:coin_emerald":2,"lightmanscurrency:coinpile_iron":1,"minecraft:rotten_flesh":150,"minecraft:music_disc_ward":2,"minecraft:red_tulip":1,"minecraft:carved_pumpkin":1,"quark:ancient_planks":7,"minecraft:mangrove_roots":35,"mutantmonsters:mutant_skeleton_shoulder_pad":3,"minecraft:snowball":187,"minecraft:cobblestone":617,"minecraft:birch_log":18,"minecraft:pink_petals":29,"minecraft:feather":3,"minecraft:golden_leggings":1,"minecraft:potato":121,"minecraft:flint":1,"minecraft:lapis_lazuli":33,"minecraft:dirt":422,"spartanweaponry:iron_rapier":2,"minecraft:bone":60,"minecraft:acacia_planks":5,"mmorpg:material/meat/0":2,"minecraft:bow":14,"minecraft:wheat_seeds":155,"minecraft:orange_tulip":2,"minecraft:oak_planks":35,"minecraft:poisonous_potato":2,"sophisticatedbackpacks:iron_backpack":2,"quark:red_blossom_sapling":1,"mutantmonsters:mutant_skeleton_leggings":2,"spartanweaponry:wooden_longbow":2,"minecraft:dark_oak_log":83,"constructionwand:stone_wand":1,"minecraft:crossbow":1,"minecraft:rooted_dirt":2,"minecraft:oak_sapling":210,"minecraft:spruce_leaves":17,"minecraft:azure_bluet":6,"minecraft:chicken":4,"minecraft:leather_leggings":1,"minecraft:brown_mushroom":4,"mmorpg:jewelry/ring/iron":2,"quark:ancient_sapling":568,"quark:red_blossom_leaves":3,"minecraft:cornflower":6,"minecraft:moss_carpet":4,"minecraft:iron_axe":1,"minecraft:iron_shovel":1,"minecraft:music_disc_otherside":1,"minecraft:beef":4,"minecraft:poppy":4,"minecraft:chest":3,"minecraft:sugar_cane":10,"mmorpg:offhand/tome/iron":3,"minecraft:birch_sapling":9,"minecraft:egg":187,"minecraft:dark_oak_sapling":5,"minecraft:raw_iron":17,"minecraft:music_disc_mellohi":1,"minecraft:carrot":119,"minecraft:tnt":8,"minecraft:arrow":67,"minecraft:beetroot_seeds":91,"minecraft:pink_tulip":2,"mutantmonsters:mutant_skeleton_rib":12,"mcwfences:wooden_cheval_de_frise":2,"minecraft:saddle":1,"sophisticatedbackpacks:copper_backpack":1,"minecraft:mutton":2,"minecraft:white_wool":12,"minecraft:oxeye_daisy":2,"minecraft:leather":4,"spartanweaponry:iron_longsword":2,"minecraft:red_mushroom":5,"minecraft:birch_planks":5,"mutantmonsters:mutant_skeleton_chestplate":1,"minecraft:oak_log":331,"minecraft:lily_pad":1,"minecraft:gunpowder":73,"artifacts:cloud_in_a_bottle":1,"mutantmonsters:mutant_skeleton_limb":17,"minecraft:white_banner":1,"quark:forgotten_hat":2,"minecraft:apple":14,"mowziesmobs:foliaath_seed":2,"minecraft:spore_blossom":4,"minecraft:iron_ingot":11,"minecraft:oak_fence_gate":3,"minecraft:stone_pickaxe":1,"lightmanscurrency:coin_iron":25,"minecraft:iron_sword":6,"minecraft:acacia_sapling":5,"minecraft:music_disc_chirp":1,"quark:ancient_fruit":100,"minecraft:pumpkin":36,"minecraft:sweet_berries":5,"minecraft:dandelion":2,"minecraft:gravel":8,"mmorpg:stat_soul":1,"minecraft:spruce_sapling":328,"mmorpg:weapon/staff/wood":17,"minecraft:spruce_log":771,"mmorpg:weapon/staff/iron":2,"quark:oak_chest":1,"minecraft:spider_eye":34,"lightmanscurrency:coin_copper":1621,"minecraft:pumpkin_seeds":37,"minecraft:slime_ball":32,"lightmanscurrency:coin_gold":6,"minecraft:iron_helmet":3,"minecraft:diamond_axe":1,"mutantmonsters:mutant_skeleton_boots":1,"quark:stripped_ancient_log":3,"minecraft:cherry_sapling":3,"quark:ancient_log":2907,"minecraft:terracotta":7,"minecraft:coal":11,"minecraft:ender_pearl":4},"minecraft:mined":{"minecraft:spruce_planks":31,"minecraft:oak_sapling":23,"quark:orange_blossom_leaves":5,"minecraft:carved_pumpkin":1,"lightmanscurrency:coinpile_iron":1,"minecraft:acacia_log":12,"minecraft:grass_block":178,"minecraft:tall_seagrass":2,"minecraft:iron_ore":7,"minecraft:fire":5,"quark:blossom_planks":1,"minecraft:pumpkin":36,"minecraft:deepslate_lapis_ore":2,"minecraft:azure_bluet":2,"mcwfences:wooden_cheval_de_frise":4,"minecraft:brown_mushroom":1,"quark:ancient_planks":3,"minecraft:powder_snow":27,"minecraft:torch":23,"minecraft:poppy":2,"minecraft:chest":3,"minecraft:dead_bush":6,"quark:blossom_log":62,"minecraft:cobblestone":359,"minecraft:sugar_cane":5,"minecraft:oak_planks":23,"minecraft:wall_torch":1,"minecraft:amethyst_block":4,"minecraft:birch_sapling":1,"minecraft:pink_petals":3,"minecraft:seagrass":6,"quark:ancient_sapling":4,"minecraft:pumpkin_stem":1,"minecraft:tnt":8,"minecraft:oak_log":29,"minecraft:beetroots":2,"minecraft:oak_fence_gate":3,"minecraft:dirt":280,"minecraft:mangrove_log":4,"minecraft:oak_leaves":59,"minecraft:suspicious_gravel":5,"quark:ancient_log":2707,"mcwfences:oak_highley_gate":1,"minecraft:dark_oak_leaves":8,"minecraft:dark_oak_log":4,"minecraft:mangrove_roots":37,"quark:blue_blossom_leaves":23,"minecraft:spruce_leaves":104,"minecraft:rooted_dirt":2,"minecraft:red_mushroom":2,"minecraft:spore_blossom":1,"minecraft:spruce_sapling":4,"minecraft:snow":84,"minecraft:deepslate_iron_ore":10,"minecraft:cobblestone_slab":2,"minecraft:vine":1,"minecraft:stone":549,"quark:red_blossom_leaves":231,"minecraft:acacia_leaves":60,"minecraft:snow_block":1,"quark:lavender_blossom_leaves":1,"minecraft:dandelion":1,"minecraft:oak_fence":73,"minecraft:cornflower":2,"quark:ancient_leaves":584,"minecraft:tall_grass":27,"minecraft:deepslate_coal_ore":5,"minecraft:lapis_ore":4,"minecraft:lily_pad":1,"quark:stripped_ancient_log":3,"minecraft:birch_planks":7,"minecraft:sweet_berry_bush":3,"minecraft:spruce_log":8,"minecraft:mangrove_leaves":2,"minecraft:coal_ore":6,"minecraft:cherry_leaves":1,"minecraft:gravel":10,"minecraft:terracotta":7,"minecraft:acacia_planks":5},"minecraft:used":{"minecraft:beetroot":3,"minecraft:iron_shovel":3,"minecraft:chest":3,"minecraft:iron_sword":27,"minecraft:rotten_flesh":29,"quark:ancient_log":286,"minecraft:mutton":2,"mcwfences:wooden_cheval_de_frise":4,"minecraft:carrot":78,"quark:stripped_ancient_log":2,"minecraft:snowball":66,"minecraft:music_disc_ward":1,"minecraft:music_disc_chirp":1,"minecraft:iron_helmet":1,"mcwfences:oak_highley_gate":2,"minecraft:oak_sapling":81,"minecraft:furnace":1,"minecraft:beetroot_seeds":11,"minecraft:egg":64,"minecraft:potato":11,"minecraft:stone_pickaxe":918,"minecraft:oak_planks":667,"minecraft:mangrove_planks":4,"minecraft:wooden_pickaxe":94,"minecraft:diamond_axe":1385,"minecraft:shears":36,"minecraft:pumpkin_seeds":10,"minecraft:bread":6,"mutantmonsters:mutant_skeleton_boots":1,"minecraft:bone_meal":85,"minecraft:experience_bottle":1,"minecraft:oak_fence":83,"minecraft:music_disc_otherside":1,"minecraft:stone_shovel":209,"minecraft:spruce_planks":474,"minecraft:wooden_shovel":119,"minecraft:stone_hoe":6,"minecraft:torch":177,"minecraft:dirt":261,"minecraft:oak_fence_gate":3,"minecraft:music_disc_mellohi":1,"minecraft:wooden_axe":127,"lightmanscurrency:coinpile_iron":1,"minecraft:iron_axe":130,"minecraft:rooted_dirt":2,"spartanweaponry:iron_rapier":8,"minecraft:tadpole_bucket":1,"quark:blossom_planks":1,"minecraft:acacia_planks":160,"minecraft:pumpkin":3,"farmersdelight:fried_egg":16,"quark:blossom_log":17,"minecraft:wheat_seeds":81,"minecraft:water_bucket":70,"minecraft:amethyst_block":4,"minecraft:snow_block":4,"minecraft:birch_planks":57,"minecraft:lead":3,"quark:ancient_planks":9,"minecraft:baked_potato":10,"quark:ancient_fruit":79,"minecraft:cobblestone_slab":6,"quark:red_blossom_leaves":3,"minecraft:music_disc_cat":2,"spartanweaponry:wooden_longbow":1,"minecraft:tnt":8,"minecraft:crafting_table":2,"minecraft:white_bed":4,"minecraft:spruce_log":1,"minecraft:wooden_hoe":71,"minecraft:apple":14,"mmorpg:weapon/staff/iron":3,"minecraft:spruce_sapling":123,"minecraft:stone_axe":2377,"mmorpg:weapon/staff/wood":10,"minecraft:cobblestone":177,"minecraft:cooked_porkchop":7,"minecraft:bucket":72,"quark:oak_chest":2,"alexsmobs:animal_dictionary":3,"quark:red_blossom_sapling":1,"minecraft:jukebox":1,"quark:ancient_sapling":39},"minecraft:custom":{"minecraft:blood":0,"minecraft:animals_bred":31,"minecraft:dexterity":6,"minecraft:interact_with_crafting_table":96,"minecraft:leave_game":15,"minecraft:time_since_death":733628,"minecraft:sprint_one_cm":1896845,"minecraft:drop":559,"minecraft:health":194,"minecraft:talked_to_villager":4,"minecraft:play_time":1026151,"minecraft:deaths":3,"minecraft:jump":9646,"minecraft:energy":200,"minecraft:walk_on_water_one_cm":18885,"minecraft:interact_with_furnace":30,"minecraft:intelligence":44,"minecraft:play_record":6,"minecraft:traded_with_villager":31,"minecraft:sleep_in_bed":10,"minecraft:levels_gained":10,"minecraft:damage_dealt":2216,"minecraft:crouch_one_cm":195335,"minecraft:horse_one_cm":45193,"minecraft:mob_kills":555,"minecraft:inspect_hopper":13,"minecraft:mana":587,"minecraft:magic_shield":11,"minecraft:walk_one_cm":3377999,"minecraft:damage_dealt_absorbed":228,"minecraft:sneak_time":51517,"minecraft:walk_under_water_one_cm":29182,"minecraft:total_world_time":1026151,"minecraft:move_speed":0,"minecraft:time_since_rest":692296,"minecraft:damage_taken":63033,"minecraft:damage_absorbed":25724,"minecraft:swim_one_cm":8224,"minecraft:fly_one_cm":2255879,"minecraft:open_chest":441,"minecraft:strength":6,"minecraft:fall_one_cm":4666332},"minecraft:crafted":{"minecraft:oak_planks":896,"minecraft:cobblestone_slab":6,"lightmanscurrency:coinpile_iron":3,"mcwfences:oak_highley_gate":1,"mcwfences:wooden_cheval_de_frise":4,"mutantmonsters:mutant_skeleton_boots":2,"minecraft:stone_hoe":1,"minecraft:oak_fence":12,"minecraft:wooden_shovel":2,"quark:blossom_planks":8,"minecraft:cooked_porkchop":13,"minecraft:crafting_table":2,"minecraft:spruce_planks":752,"minecraft:wooden_pickaxe":3,"minecraft:baked_potato":11,"minecraft:birch_planks":52,"minecraft:pumpkin_seeds":8,"farmersdelight:fried_egg":39,"minecraft:wooden_hoe":2,"minecraft:charcoal":14,"constructionwand:stone_wand":2,"minecraft:stick":24,"quark:oak_chest":1,"minecraft:iron_ingot":35,"minecraft:snow_block":2,"quark:ancient_planks":24,"minecraft:stone_shovel":3,"minecraft:jukebox":1,"minecraft:furnace":1,"lightmanscurrency:coin_iron":18,"minecraft:bone_meal":102,"minecraft:stone_pickaxe":6,"constructionwand:diamond_wand":1,"minecraft:mangrove_planks":4,"minecraft:stone_axe":24,"lightmanscurrency:coin_gold":108,"minecraft:oak_fence_gate":1,"minecraft:oak_log":32,"minecraft:wooden_axe":5,"minecraft:white_bed":4,"minecraft:acacia_planks":196,"minecraft:torch":148}},"DataVersion":3465}