{"stats":{"minecraft:crafted":{"minecraft:oak_planks":1036,"minecraft:cobblestone_slab":6,"lightmanscurrency:coinpile_iron":3,"minecraft:cooked_chicken":2,"minecraft:sand":64,"mcwfences:oak_highley_gate":1,"minecraft:glass":82,"mcwfences:wooden_cheval_de_frise":4,"minecraft:melon_seeds":10,"mutantmonsters:mutant_skeleton_boots":2,"minecraft:stone_hoe":1,"minecraft:oak_fence":12,"minecraft:wooden_shovel":2,"quark:blossom_planks":176,"minecraft:cooked_porkchop":13,"minecraft:crafting_table":3,"minecraft:spruce_planks":964,"minecraft:wooden_pickaxe":4,"minecraft:baked_potato":11,"quark:ancient_fence":57,"minecraft:birch_planks":52,"minecraft:pumpkin_seeds":8,"farmersdelight:fried_egg":67,"minecraft:wooden_hoe":2,"minecraft:charcoal":75,"constructionwand:stone_wand":2,"minecraft:stick":100,"quark:oak_chest":1,"minecraft:iron_ingot":63,"minecraft:snow_block":2,"quark:ancient_planks":84,"minecraft:stone_shovel":3,"minecraft:jukebox":1,"minecraft:furnace":1,"lightmanscurrency:coin_iron":18,"minecraft:bone_meal":210,"minecraft:stone_pickaxe":6,"minecraft:dark_oak_planks":392,"constructionwand:diamond_wand":1,"alexsmobs:cooked_lobster_tail":1,"minecraft:mangrove_planks":4,"minecraft:stone_axe":24,"lightmanscurrency:coin_gold":108,"minecraft:oak_fence_gate":1,"minecraft:oak_log":32,"minecraft:wooden_axe":5,"minecraft:white_bed":4,"minecraft:acacia_planks":196,"minecraft:torch":148},"minecraft:broken":{"mutantmonsters:mutant_skeleton_chestplate":1,"mutantmonsters:mutant_skeleton_skull":3,"minecraft:iron_shovel":1,"minecraft:wooden_shovel":2,"minecraft:leather_leggings":1,"minecraft:iron_boots":1,"minecraft:iron_chestplate":1,"minecraft:stone_pickaxe":7,"mutantmonsters:mutant_skeleton_leggings":1,"mutantmonsters:mutant_skeleton_boots":2,"minecraft:stone_axe":24,"minecraft:wooden_axe":5,"minecraft:stone_shovel":1,"minecraft:wooden_pickaxe":2,"minecraft:diamond_axe":1,"minecraft:iron_axe":1,"minecraft:iron_helmet":2,"minecraft:wooden_hoe":1},"minecraft:used":{"minecraft:beetroot":3,"minecraft:iron_shovel":23,"minecraft:chest":3,"minecraft:iron_sword":29,"minecraft:rotten_flesh":43,"quark:ancient_log":286,"minecraft:mutton":2,"mcwfences:wooden_cheval_de_frise":4,"minecraft:carrot":79,"quark:stripped_ancient_log":2,"minecraft:snowball":66,"minecraft:glass":90,"minecraft:jungle_sapling":10,"minecraft:music_disc_ward":1,"minecraft:iron_helmet":1,"minecraft:music_disc_chirp":1,"mcwfences:oak_highley_gate":2,"mutantmonsters:hulk_hammer":103,"minecraft:oak_sapling":81,"minecraft:furnace":1,"minecraft:beetroot_seeds":11,"minecraft:egg":72,"minecraft:potato":11,"minecraft:oak_planks":827,"minecraft:stone_pickaxe":918,"minecraft:mangrove_planks":4,"minecraft:cactus":1,"quark:ancient_fence":47,"minecraft:wooden_pickaxe":153,"minecraft:sugar_cane":3,"minecraft:diamond_axe":1410,"minecraft:sand":5,"minecraft:shears":36,"minecraft:pumpkin_seeds":10,"minecraft:melon_slice":2,"minecraft:bread":6,"minecraft:red_terracotta":1,"mutantmonsters:mutant_skeleton_boots":2,"minecraft:coarse_dirt":20,"minecraft:bone_meal":164,"minecraft:experience_bottle":1,"minecraft:oak_fence":83,"sophisticatedbackpacks:iron_backpack":1,"minecraft:music_disc_otherside":1,"minecraft:stone_shovel":209,"minecraft:redstone":2,"minecraft:spruce_planks":692,"minecraft:stone_hoe":6,"minecraft:wooden_shovel":119,"minecraft:cooked_chicken":2,"minecraft:torch":182,"minecraft:dirt":274,"minecraft:anvil":1,"minecraft:oak_fence_gate":3,"minecraft:music_disc_mellohi":1,"minecraft:dark_oak_planks":377,"minecraft:wooden_axe":127,"lightmanscurrency:coinpile_iron":1,"minecraft:iron_axe":130,"minecraft:rooted_dirt":2,"spartanweaponry:iron_rapier":8,"minecraft:melon_seeds":10,"minecraft:bamboo":35,"minecraft:tadpole_bucket":1,"quark:blossom_planks":169,"minecraft:acacia_planks":201,"minecraft:pumpkin":3,"farmersdelight:fried_egg":38,"quark:blossom_log":17,"minecraft:wheat_seeds":82,"minecraft:water_bucket":70,"minecraft:amethyst_block":4,"minecraft:snow_block":4,"minecraft:lead":3,"minecraft:birch_planks":57,"mutantmonsters:mutant_skeleton_leggings":1,"quark:ancient_planks":14,"quark:ancient_fruit":79,"minecraft:baked_potato":10,"minecraft:cobblestone_slab":6,"quark:red_blossom_leaves":3,"minecraft:tnt":8,"minecraft:music_disc_cat":2,"spartanweaponry:wooden_longbow":1,"minecraft:crafting_table":3,"minecraft:white_bed":4,"minecraft:spruce_log":1,"minecraft:wooden_hoe":71,"minecraft:apple":14,"mmorpg:weapon/staff/iron":25,"minecraft:spruce_sapling":126,"minecraft:stone_axe":2377,"minecraft:cobblestone":177,"mmorpg:weapon/staff/wood":10,"minecraft:fishing_rod":6,"minecraft:bucket":72,"minecraft:cooked_porkchop":13,"quark:oak_chest":2,"alexsmobs:animal_dictionary":3,"quark:red_blossom_sapling":1,"minecraft:jukebox":1,"quark:ancient_sapling":39},"minecraft:mined":{"minecraft:dark_oak_planks":8,"minecraft:farmland":1,"minecraft:spruce_planks":46,"minecraft:oak_sapling":23,"quark:orange_blossom_leaves":6,"minecraft:black_terracotta":1,"minecraft:jungle_leaves":7,"minecraft:carved_pumpkin":1,"lightmanscurrency:coinpile_iron":1,"minecraft:acacia_log":12,"minecraft:grass_block":223,"minecraft:jungle_log":1,"minecraft:tall_seagrass":7,"minecraft:magma_block":1,"minecraft:iron_ore":7,"minecraft:fire":5,"minecraft:pumpkin":36,"quark:blossom_planks":1,"minecraft:deepslate_lapis_ore":2,"minecraft:azure_bluet":2,"mcwfences:wooden_cheval_de_frise":4,"minecraft:brown_mushroom":1,"quark:ancient_planks":3,"minecraft:melon_stem":1,"minecraft:orange_terracotta":1,"minecraft:powder_snow":27,"minecraft:torch":23,"minecraft:melon":12,"minecraft:poppy":3,"minecraft:chest":3,"minecraft:dead_bush":9,"quark:blossom_log":62,"minecraft:cobblestone":359,"minecraft:oak_planks":23,"minecraft:sugar_cane":7,"minecraft:wall_torch":1,"minecraft:amethyst_block":4,"minecraft:birch_sapling":1,"minecraft:pink_petals":3,"minecraft:seagrass":7,"minecraft:wheat":1,"quark:ancient_sapling":4,"minecraft:pumpkin_stem":1,"minecraft:tnt":8,"minecraft:oak_log":29,"minecraft:beetroots":11,"minecraft:oak_fence_gate":3,"minecraft:sand":42,"minecraft:dirt":340,"minecraft:mangrove_log":4,"minecraft:netherrack":37,"minecraft:oak_leaves":87,"minecraft:yellow_terracotta":2,"minecraft:deepslate":2,"quark:ancient_log":2707,"minecraft:suspicious_gravel":5,"mcwfences:oak_highley_gate":1,"minecraft:dark_oak_leaves":8,"minecraft:dark_oak_log":4,"minecraft:mangrove_roots":37,"quark:blue_blossom_leaves":23,"minecraft:redstone_wire":2,"minecraft:spruce_leaves":106,"minecraft:rooted_dirt":2,"minecraft:red_mushroom":2,"minecraft:spore_blossom":1,"minecraft:spruce_sapling":5,"minecraft:jungle_sapling":2,"minecraft:snow":84,"minecraft:suspicious_sand":3,"minecraft:potatoes":1,"minecraft:deepslate_iron_ore":10,"minecraft:cobblestone_slab":2,"minecraft:vine":4,"minecraft:bamboo_sapling":1,"minecraft:bamboo":45,"minecraft:stone":553,"quark:red_blossom_leaves":231,"minecraft:acacia_leaves":60,"minecraft:snow_block":1,"quark:lavender_blossom_leaves":1,"minecraft:dandelion":1,"minecraft:oak_fence":73,"minecraft:cornflower":2,"quark:ancient_leaves":584,"minecraft:tall_grass":38,"minecraft:deepslate_coal_ore":5,"minecraft:lapis_ore":4,"minecraft:lily_pad":1,"quark:stripped_ancient_log":3,"minecraft:birch_planks":7,"minecraft:cactus":1,"minecraft:red_terracotta":1,"minecraft:coarse_dirt":40,"minecraft:sea_pickle":3,"minecraft:sweet_berry_bush":3,"minecraft:spruce_log":8,"minecraft:mangrove_leaves":2,"elevatorid:elevator_white":1,"minecraft:coal_ore":6,"minecraft:cherry_leaves":1,"minecraft:gravel":14,"minecraft:cobweb":1,"minecraft:terracotta":11,"minecraft:acacia_planks":5},"minecraft:killed":{"alexsmobs:lobster":1,"minecraft:cave_spider":4,"minecraft:witch":2,"minecraft:spider":119,"quark:forgotten":3,"minecraft:skeleton":71,"minecraft:fox":1,"minecraft:chicken":13,"mowziesmobs:foliaath":1,"minecraft:pig":11,"mutantmonsters:mutant_skeleton":3,"minecraft:creeper":123,"minecraft:sheep":1,"minecraft:pillager":3,"minecraft:zombie":203,"alexsmobs:cachalot_whale":1,"minecraft:cow":5,"mca:male_zombie_villager":2,"minecraft:slime":62,"minecraft:snow_golem":6,"minecraft:husk":1,"minecraft:bat":9,"mutantmonsters:creeper_minion":7,"mutantmonsters:mutant_zombie":1,"minecraft:enderman":11},"minecraft:picked_up":{"minecraft:seagrass":1,"minecraft:iron_chestplate":2,"minecraft:wheat":91,"mmorpg:material/farming/0":10,"minecraft:anvil":1,"minecraft:lead":13,"minecraft:amethyst_block":4,"minecraft:music_disc_cat":2,"spartanweaponry:iron_katana":1,"minecraft:string":113,"mutantmonsters:mutant_skeleton_skull":3,"minecraft:iron_leggings":2,"minecraft:pufferfish":1,"minecraft:experience_bottle":1,"minecraft:beetroot":53,"minecraft:sea_pickle":7,"mcwfences:oak_highley_gate":1,"minecraft:cobbled_deepslate":2,"alexsmobs:banana":2,"minecraft:spruce_planks":61,"minecraft:white_tulip":1,"minecraft:cobblestone_slab":3,"mmorpg:material/fishing/0":4,"minecraft:melon_slice":57,"minecraft:mangrove_log":4,"minecraft:iron_boots":2,"mmorpg:gems/opal/0":1,"minecraft:golden_helmet":1,"minecraft:stick":332,"mmorpg:gems/emerald/0":1,"minecraft:oak_fence":73,"minecraft:torch":31,"minecraft:acacia_log":21,"minecraft:porkchop":11,"minecraft:snow_block":2,"quark:blossom_log":125,"minecraft:cherry_log":16,"mmorpg:jewelry/necklace/iron":1,"iceandfire:rotten_egg":2,"mutantmonsters:mutant_skeleton_pelvis":2,"quark:blossom_planks":5,"quark:orange_blossom_leaves":10,"lightmanscurrency:coin_emerald":2,"mutantmonsters:hulk_hammer":1,"lightmanscurrency:coinpile_iron":1,"minecraft:cactus":3,"minecraft:rotten_flesh":182,"minecraft:music_disc_ward":2,"minecraft:red_tulip":1,"minecraft:carved_pumpkin":1,"quark:ancient_planks":7,"minecraft:mangrove_roots":35,"mutantmonsters:mutant_skeleton_shoulder_pad":3,"minecraft:cod":2,"minecraft:snowball":187,"alexsmobs:lobster_tail":1,"minecraft:cobblestone":621,"minecraft:birch_log":18,"minecraft:pink_petals":29,"minecraft:magma_block":1,"minecraft:feather":9,"minecraft:jungle_log":41,"minecraft:golden_leggings":1,"minecraft:potato":123,"minecraft:flint":1,"minecraft:lapis_lazuli":33,"minecraft:dirt":526,"spartanweaponry:iron_rapier":2,"minecraft:glass":32,"minecraft:bone":81,"minecraft:acacia_planks":5,"mmorpg:material/meat/0":3,"spartanweaponry:iron_greatsword":1,"minecraft:bow":14,"minecraft:wheat_seeds":159,"minecraft:orange_tulip":2,"minecraft:bamboo":208,"minecraft:oak_planks":38,"minecraft:poisonous_potato":2,"minecraft:sand":41,"sophisticatedbackpacks:iron_backpack":4,"quark:red_blossom_sapling":1,"mutantmonsters:mutant_skeleton_leggings":2,"spartanweaponry:wooden_longbow":2,"minecraft:dark_oak_log":83,"minecraft:red_terracotta":1,"constructionwand:stone_wand":1,"minecraft:crossbow":1,"minecraft:rooted_dirt":2,"minecraft:oak_sapling":214,"minecraft:netherrack":37,"minecraft:spruce_leaves":17,"minecraft:fishing_rod":1,"minecraft:coarse_dirt":42,"minecraft:azure_bluet":6,"minecraft:chicken":8,"minecraft:leather_leggings":1,"minecraft:brown_mushroom":4,"mmorpg:jewelry/ring/iron":3,"quark:ancient_sapling":568,"quark:red_blossom_leaves":3,"minecraft:cornflower":6,"minecraft:moss_carpet":4,"minecraft:iron_axe":1,"minecraft:iron_shovel":1,"minecraft:music_disc_otherside":1,"minecraft:beef":4,"minecraft:jungle_sapling":12,"minecraft:poppy":7,"mmorpg:offhand/tome/iron":3,"minecraft:sugar_cane":16,"minecraft:chest":3,"minecraft:birch_sapling":9,"minecraft:egg":289,"minecraft:dark_oak_sapling":5,"minecraft:raw_iron":17,"minecraft:music_disc_mellohi":1,"minecraft:carrot":125,"minecraft:redstone":2,"lightmanscurrency:wallet_iron":1,"minecraft:dark_oak_planks":7,"minecraft:tnt":8,"minecraft:arrow":89,"minecraft:beetroot_seeds":115,"minecraft:yellow_terracotta":1,"mutantmonsters:mutant_skeleton_rib":12,"minecraft:pink_tulip":2,"mcwfences:wooden_cheval_de_frise":2,"minecraft:saddle":1,"sophisticatedbackpacks:copper_backpack":1,"minecraft:mutton":2,"minecraft:white_wool":12,"minecraft:oxeye_daisy":2,"minecraft:salmon":2,"minecraft:leather":4,"spartanweaponry:iron_longsword":2,"minecraft:red_mushroom":5,"minecraft:birch_planks":5,"mutantmonsters:mutant_skeleton_chestplate":1,"minecraft:oak_log":336,"minecraft:lily_pad":1,"minecraft:gunpowder":93,"artifacts:cloud_in_a_bottle":2,"mutantmonsters:mutant_skeleton_limb":17,"minecraft:white_banner":1,"quark:forgotten_hat":3,"minecraft:orange_terracotta":1,"minecraft:apple":14,"minecraft:kelp":1,"mowziesmobs:foliaath_seed":2,"minecraft:spore_blossom":4,"minecraft:stone_pickaxe":1,"minecraft:iron_ingot":11,"minecraft:oak_fence_gate":3,"lightmanscurrency:coin_iron":32,"minecraft:iron_sword":7,"minecraft:acacia_sapling":5,"minecraft:music_disc_chirp":1,"minecraft:book":1,"quark:ancient_fruit":100,"minecraft:pumpkin":36,"minecraft:sweet_berries":5,"minecraft:dandelion":4,"minecraft:gravel":11,"mmorpg:stat_soul":1,"minecraft:spruce_sapling":346,"mmorpg:weapon/staff/wood":17,"minecraft:spruce_log":824,"mmorpg:weapon/staff/iron":2,"quark:oak_chest":1,"minecraft:spider_eye":37,"lightmanscurrency:coin_copper":1988,"minecraft:pumpkin_seeds":37,"minecraft:slime_ball":33,"minecraft:diamond_axe":1,"lightmanscurrency:coin_gold":126,"minecraft:iron_helmet":4,"mutantmonsters:mutant_skeleton_boots":1,"quark:stripped_ancient_log":3,"minecraft:cherry_sapling":3,"quark:ancient_log":2907,"minecraft:terracotta":11,"minecraft:melon_seeds":4,"minecraft:coal":11,"minecraft:ender_pearl":4},"minecraft:dropped":{"sophisticatedbackpacks:iron_backpack":2,"minecraft:iron_sword":1,"minecraft:moss_block":10,"minecraft:lapis_lazuli":45,"minecraft:oak_log":36,"lightmanscurrency:coin_copper":120,"minecraft:baked_potato":1,"minecraft:ender_pearl":1,"minecraft:diamond":21,"minecraft:spore_blossom":3,"minecraft:dark_oak_sapling":5,"minecraft:glow_berries":6,"artifacts:cloud_in_a_bottle":1,"constructionwand:stone_wand":3,"minecraft:leather":4,"lightmanscurrency:coinpile_iron":1,"mutantmonsters:mutant_skeleton_shoulder_pad":2,"minecraft:cod":2,"minecraft:emerald":16,"minecraft:spruce_leaves":17,"minecraft:dirt":202,"constructionwand:diamond_wand":1,"mmorpg:gems/emerald/0":1,"minecraft:large_fern":9,"minecraft:cornflower":4,"minecraft:seagrass":19,"minecraft:coast_armor_trim_smithing_template":3,"minecraft:snowball":113,"mmorpg:material/meat/0":3,"minecraft:jungle_sapling":2,"quark:orange_blossom_leaves":10,"minecraft:pumpkin_pie":4,"minecraft:bone_meal":46,"minecraft:sand":18,"quark:ancient_sapling":352,"minecraft:fishing_rod":1,"quark:ancient_tome":1,"minecraft:bone":10,"minecraft:gold_ingot":44,"minecraft:gravel":3,"quark:yellow_blossom_sapling":6,"minecraft:goat_horn":1,"minecraft:sugar_cane":9,"quark:ancient_planks":4,"mutantmonsters:hulk_hammer":1,"minecraft:mangrove_roots":35,"mutantmonsters:mutant_skeleton_pelvis":2,"minecraft:cobbled_deepslate":2,"minecraft:music_disc_otherside":1,"minecraft:wheat":9,"minecraft:birch_sapling":1,"minecraft:pointed_dripstone":10,"quark:ancient_fruit":16,"minecraft:beetroot":15,"minecraft:rotten_flesh":120,"minecraft:oak_planks":187,"minecraft:enchanted_golden_apple":1,"minecraft:fern":8,"minecraft:azure_bluet":4,"minecraft:salmon":2,"minecraft:carrot":12,"mmorpg:weapon/staff/iron":2,"minecraft:poppy":5,"minecraft:sea_lantern":4,"minecraft:tipped_arrow":15,"minecraft:mangrove_log":3,"minecraft:gunpowder":40,"minecraft:beetroot_seeds":3,"minecraft:jungle_log":37,"minecraft:acacia_sapling":5,"quark:forgotten_hat":1,"minecraft:arrow":44,"minecraft:beef":4,"iammusicplayer:cassette_tape":1,"minecraft:netherrack":37,"minecraft:egg":162,"minecraft:enchanted_book":1,"minecraft:spawner":1,"minecraft:water_bucket":1,"minecraft:stone_hoe":1,"minecraft:iron_ingot":61,"minecraft:wheat_seeds":3,"quark:red_blossom_sapling":6,"minecraft:sniffer_egg":2,"lightmanscurrency:coin_emerald":4,"quark:blossom_planks":12,"minecraft:iron_golem_spawn_egg":1,"minecraft:poisonous_potato":1,"minecraft:cobblestone":410,"minecraft:feather":5,"minecraft:mangrove_propagule":2,"minecraft:iron_helmet":1,"minecraft:yellow_terracotta":1,"mutantmonsters:mutant_skeleton_boots":1,"minecraft:lead":5,"minecraft:book":4,"minecraft:acacia_log":2,"minecraft:coal":20,"minecraft:golden_apple":1,"mmorpg:weapon/staff/wood":9,"minecraft:stick":93,"minecraft:pufferfish":1,"minecraft:turtle_egg":4,"minecraft:diamond_horse_armor":1,"minecraft:cobweb":11,"minecraft:sponge":8,"quark:blossom_log":42,"minecraft:wooden_hoe":1,"alexsmobs:cooked_lobster_tail":1,"minecraft:melon_slice":4,"spartanweaponry:iron_greatsword":1,"minecraft:pumpkin":13,"minecraft:heart_of_the_sea":1,"minecraft:white_banner":1,"minecraft:cactus":2,"minecraft:paper":3,"minecraft:string":52,"minecraft:pink_petals":29,"minecraft:lily_pad":1,"quark:blue_blossom_sapling":6,"minecraft:music_disc_cat":1,"minecraft:spruce_sapling":114,"minecraft:dandelion":2,"minecraft:snow_block":4,"minecraft:moss_carpet":4,"minecraft:kelp":12,"minecraft:coarse_dirt":18,"minecraft:wild_armor_trim_smithing_template":3,"mmorpg:material/fishing/0":4,"minecraft:experience_bottle":1,"minecraft:raw_iron":17,"minecraft:stone_shovel":1,"minecraft:name_tag":2,"quark:ancient_fence":8,"lightmanscurrency:coin_diamond":1,"minecraft:budding_amethyst":4,"minecraft:shears":1,"minecraft:pumpkin_seeds":3,"lightmanscurrency:coin_gold":11,"minecraft:suspicious_stew":1,"quark:lavender_blossom_sapling":6,"minecraft:potato":3,"minecraft:sea_pickle":3,"farmersdelight:fried_egg":18,"quark:ancient_log":581,"iceandfire:rotten_egg":1,"minecraft:orange_terracotta":1,"minecraft:spruce_planks":305,"mutantmonsters:mutant_skeleton_limb":10,"mmorpg:offhand/tome/iron":2,"minecraft:golden_leggings":1,"minecraft:oak_sapling":20,"mutantmonsters:mutant_skeleton_leggings":1,"minecraft:carved_pumpkin":1,"minecraft:spider_eye":29,"minecraft:bamboo":12,"minecraft:spruce_log":999,"minecraft:slime_ball":31,"lightmanscurrency:coin_iron":13,"mmorpg:jewelry/ring/iron":1,"quark:orange_blossom_sapling":6,"minecraft:bow":2,"minecraft:bell":1,"minecraft:music_disc_mellohi":1,"minecraft:nautilus_shell":4,"minecraft:magma_block":1,"mutantmonsters:mutant_skeleton_rib":8,"minecraft:terracotta":5},"minecraft:custom":{"minecraft:blood":0,"minecraft:animals_bred":39,"minecraft:dexterity":6,"minecraft:interact_with_crafting_table":110,"minecraft:leave_game":17,"minecraft:time_since_death":17018,"minecraft:sprint_one_cm":2449334,"minecraft:drop":776,"minecraft:health":214,"minecraft:talked_to_villager":4,"minecraft:play_time":1326968,"minecraft:deaths":5,"minecraft:jump":12453,"minecraft:energy":210,"minecraft:walk_on_water_one_cm":32736,"minecraft:interact_with_furnace":47,"minecraft:intelligence":44,"minecraft:play_record":6,"minecraft:traded_with_villager":33,"minecraft:sleep_in_bed":10,"minecraft:levels_gained":11,"minecraft:damage_dealt":3596,"minecraft:crouch_one_cm":306417,"minecraft:inspect_dispenser":1,"minecraft:horse_one_cm":45193,"minecraft:interact_with_anvil":3,"minecraft:mob_kills":694,"minecraft:inspect_hopper":14,"minecraft:climb_one_cm":11032,"minecraft:mana":620,"minecraft:magic_shield":11,"minecraft:walk_one_cm":4388571,"minecraft:damage_dealt_absorbed":454,"minecraft:sneak_time":70745,"minecraft:walk_under_water_one_cm":86105,"minecraft:total_world_time":1326968,"minecraft:move_speed":0,"minecraft:time_since_rest":17101,"minecraft:damage_absorbed":32425,"minecraft:damage_taken":77468,"minecraft:trigger_trapped_chest":5,"minecraft:swim_one_cm":28233,"minecraft:fly_one_cm":3371408,"minecraft:open_chest":536,"minecraft:strength":6,"minecraft:fish_caught":5,"minecraft:fall_one_cm":5643144}},"DataVersion":3465}