{"stats":{"minecraft:dropped":{"minecraft:oak_sapling":2,"minecraft:cobblestone":2,"constructionwand:stone_wand":1,"minecraft:stick":3,"minecraft:egg":1,"quark:oak_chest":1},"minecraft:mined":{"minecraft:ice":2,"minecraft:grass_block":11,"minecraft:dirt":5,"minecraft:acacia_planks":1},"minecraft:custom":{"minecraft:time_since_rest":84545,"minecraft:blood":0,"minecraft:magic_shield":0,"minecraft:sprint_one_cm":65671,"minecraft:damage_taken":610,"minecraft:walk_one_cm":238880,"minecraft:drop":8,"minecraft:dexterity":0,"minecraft:intelligence":0,"minecraft:damage_dealt":281,"minecraft:health":70,"minecraft:move_speed":0,"minecraft:interact_with_crafting_table":8,"minecraft:fly_one_cm":819049,"minecraft:open_chest":81,"minecraft:crouch_one_cm":5348,"minecraft:play_time":204355,"minecraft:deaths":1,"minecraft:sneak_time":3024,"minecraft:walk_under_water_one_cm":1680,"minecraft:climb_one_cm":192,"minecraft:jump":792,"minecraft:energy":50,"minecraft:leave_game":26,"minecraft:time_since_death":84514,"minecraft:walk_on_water_one_cm":1239,"minecraft:strength":0,"minecraft:total_world_time":204355,"minecraft:fall_one_cm":42906,"minecraft:mana":50,"minecraft:horse_one_cm":295},"minecraft:crafted":{"minecraft:oak_planks":14,"quark:oak_chest":1,"minecraft:snow_block":16,"minecraft:acacia_planks":2,"minecraft:air":81},"minecraft:used":{"lightmanscurrency:atm":1,"minecraft:water_bucket":1,"minecraft:lava_bucket":1,"minecraft:chest":1,"minecraft:cobblestone_slab":3,"minecraft:item_frame":1,"alexsmobs:spawn_egg_rain_frog":1,"minecraft:dirt":17,"minecraft:spruce_log":1,"minecraft:bucket":1,"minecraft:ice":2,"quark:oak_chest":2,"easy_npc:humanoid_spawn_egg":6,"minecraft:acacia_planks":9},"minecraft:picked_up":{"minecraft:stick":3,"minecraft:raw_iron":17,"minecraft:water_bucket":1,"minecraft:budding_amethyst":4,"minecraft:lead":2,"minecraft:music_disc_mellohi":1,"minecraft:oak_log":9,"minecraft:spruce_sapling":7,"mmorpg:weapon/staff/wood":7,"minecraft:music_disc_cat":1,"minecraft:lapis_lazuli":33,"minecraft:dirt":15,"minecraft:moss_carpet":4,"minecraft:name_tag":2,"lightmanscurrency:coin_copper":65,"minecraft:item_frame":1,"farmersdelight:fried_egg":1,"minecraft:bone":1,"minecraft:acacia_planks":1,"minecraft:slime_ball":12,"minecraft:diamond":8,"constructionwand:stone_wand":1,"minecraft:mangrove_roots":30,"minecraft:emerald":16,"minecraft:mangrove_log":3,"minecraft:oak_planks":17,"minecraft:oak_sapling":2,"minecraft:mangrove_propagule":2,"minecraft:sugar_cane":9,"minecraft:snowball":79,"minecraft:stone_hoe":1,"minecraft:coal":11,"minecraft:egg":15,"minecraft:cobblestone":2}},"DataVersion":3465}