{"stats":{"minecraft:dropped":{"sophisticatedbackpacks:iron_backpack":2,"minecraft:iron_ingot":11,"mmorpg:stat_soul":1,"torchmaster:feral_flare_lantern":2,"minecraft:wheat_seeds":4,"minecraft:diamond_axe":1,"minecraft:spore_blossom":1,"minecraft:cobblestone":16,"mutantmonsters:mutant_skeleton_boots":1,"artifacts:cloud_in_a_bottle":2,"alexsmobs:maraca":3,"constructionwand:diamond_wand":1,"minecraft:diorite":64,"lightmanscurrency:wallet_copper":1,"minecraft:iron_axe":1,"sophisticatedbackpacks:crafting_upgrade":1,"minecraft:fishing_rod":1,"minecraft:snow_block":2,"minecraft:anvil":1,"quark:ancient_planks":46,"minecraft:rotten_flesh":23,"minecraft:oak_planks":3,"lightmanscurrency:wallet_iron":1,"lightmanscurrency:coin_gold":126,"minecraft:carrot":10,"mutantmonsters:mutant_skeleton_chestplate":1,"easy_npc:humanoid_spawn_egg":1,"quark:ancient_log":169,"minecraft:spruce_planks":53,"mutantmonsters:mutant_skeleton_limb":1,"minecraft:andesite":64,"minecraft:oak_sapling":2,"minecraft:chest":1,"mutantmonsters:mutant_skeleton_leggings":2,"minecraft:glass":32,"minecraft:bow":1,"minecraft:stone_pickaxe":1,"mutantmonsters:mutant_skeleton_skull":2,"mutantmonsters:mutant_skeleton_rib":2},"minecraft:killed":{"mca:female_zombie_villager":1,"minecraft:spider":29,"minecraft:slime":45,"quark:forgotten":1,"minecraft:skeleton":22,"mutantmonsters:mutant_skeleton":1,"minecraft:creeper":63,"alexsmobs:cockroach":1,"minecraft:zombie":64,"minecraft:cow":3,"minecraft:enderman":2},"minecraft:broken":{"minecraft:iron_leggings":1,"minecraft:wooden_pickaxe":2,"minecraft:stone_pickaxe":3,"minecraft:iron_axe":5,"minecraft:stone_axe":3,"minecraft:iron_sword":2,"minecraft:iron_pickaxe":2,"minecraft:iron_helmet":1,"minecraft:wooden_axe":1},"minecraft:picked_up":{"minecraft:iron_chestplate":2,"alexsmobs:maraca":3,"minecraft:wheat":25,"mmorpg:gems/sapphire/0":1,"minecraft:lead":1,"mmorpg:jewelry/ring/iron":1,"minecraft:enchanted_book":1,"quark:ancient_sapling":24,"minecraft:turtle_egg":4,"lightmanscurrency:coin_diamond":1,"spartanweaponry:iron_katana":1,"minecraft:string":23,"minecraft:large_fern":9,"mutantmonsters:mutant_skeleton_skull":2,"minecraft:iron_leggings":1,"minecraft:pufferfish":1,"minecraft:beetroot":18,"minecraft:sea_pickle":3,"alexsmobs:banana":2,"minecraft:smooth_stone":20,"minecraft:cobbled_deepslate":5,"minecraft:iron_golem_spawn_egg":1,"minecraft:spruce_planks":3,"minecraft:music_disc_otherside":1,"minecraft:beef":4,"minecraft:jungle_sapling":17,"mmorpg:material/fishing/0":3,"minecraft:chest":1,"mmorpg:offhand/tome/iron":3,"minecraft:furnace":2,"minecraft:tipped_arrow":15,"minecraft:iron_boots":1,"minecraft:egg":77,"mmorpg:gems/emerald/0":1,"minecraft:dark_oak_sapling":5,"minecraft:stick":336,"minecraft:composter":2,"minecraft:torch":3,"minecraft:snow_block":4,"mmorpg:jewelry/necklace/iron":1,"minecraft:pointed_dripstone":10,"iammusicplayer:cassette_tape":1,"minecraft:carrot":91,"minecraft:redstone":8,"minecraft:goat_horn":1,"mutantmonsters:mutant_skeleton_pelvis":2,"lightmanscurrency:coin_emerald":4,"minecraft:sniffer_egg":2,"minecraft:cactus":2,"minecraft:arrow":63,"minecraft:rotten_flesh":80,"minecraft:beetroot_seeds":27,"minecraft:pumpkin_pie":4,"minecraft:carved_pumpkin":1,"mutantmonsters:mutant_skeleton_rib":9,"mcwfences:wooden_cheval_de_frise":3,"minecraft:gold_ingot":44,"mutantmonsters:mutant_skeleton_shoulder_pad":2,"minecraft:glow_berries":6,"minecraft:cod":2,"minecraft:white_wool":5,"minecraft:cobblestone":97,"minecraft:sponge":8,"minecraft:nautilus_shell":4,"minecraft:repeater":2,"minecraft:salmon":1,"minecraft:jungle_log":144,"minecraft:fern":8,"minecraft:leather":19,"minecraft:golden_leggings":1,"minecraft:potato":21,"minecraft:oak_log":47,"minecraft:lily_pad":1,"minecraft:golden_boots":1,"minecraft:gunpowder":73,"minecraft:paper":3,"minecraft:lapis_lazuli":12,"mutantmonsters:mutant_skeleton_limb":11,"minecraft:dirt":68,"minecraft:white_banner":1,"quark:forgotten_hat":1,"minecraft:spawner":1,"minecraft:glass":2,"minecraft:coast_armor_trim_smithing_template":3,"minecraft:bone":27,"minecraft:acacia_planks":1,"minecraft:apple":4,"minecraft:kelp":12,"minecraft:bow":5,"minecraft:wheat_seeds":30,"minecraft:wild_armor_trim_smithing_template":3,"minecraft:heart_of_the_sea":1,"minecraft:bell":1,"minecraft:spore_blossom":1,"minecraft:iron_ingot":50,"minecraft:bamboo":1,"minecraft:moss_block":10,"lightmanscurrency:coin_iron":22,"minecraft:iron_sword":2,"minecraft:oak_planks":10,"minecraft:book":3,"quark:ancient_fruit":7,"minecraft:sand":14,"mmorpg:stat_soul":2,"minecraft:spruce_sapling":503,"sophisticatedbackpacks:iron_backpack":3,"mmorpg:weapon/staff/wood":2,"minecraft:spruce_log":1296,"minecraft:sea_lantern":4,"minecraft:spider_eye":16,"lightmanscurrency:coin_copper":991,"minecraft:slime_ball":62,"minecraft:diamond":12,"minecraft:charcoal":5,"minecraft:fishing_rod":1,"lightmanscurrency:coin_gold":11,"minecraft:iron_helmet":3,"quark:music_disc_clock":1,"minecraft:crossbow":3,"minecraft:granite":1,"minecraft:bone_meal":46,"minecraft:golden_apple":1,"minecraft:cocoa_beans":6,"quark:ancient_log":481,"minecraft:coal":9,"minecraft:oak_sapling":41,"mmorpg:offhand/dodge/iron":1,"minecraft:hopper":1,"minecraft:ender_pearl":3},"minecraft:mined":{"quark:ancient_log":174,"minecraft:spruce_planks":3,"quark:orange_blossom_leaves":17,"minecraft:jungle_leaves":193,"quark:blue_blossom_leaves":3,"minecraft:granite":1,"minecraft:grass_block":9,"minecraft:jungle_log":2,"minecraft:redstone_wire":8,"minecraft:spruce_leaves":25,"minecraft:composter":2,"minecraft:hopper":1,"minecraft:smooth_stone":20,"minecraft:spruce_sapling":16,"minecraft:furnace":2,"minecraft:fire":3,"mcwfences:wooden_cheval_de_frise":7,"minecraft:vine":4,"minecraft:stone":903,"quark:red_blossom_leaves":22,"quark:lavender_blossom_leaves":13,"minecraft:torch":1,"quark:ancient_leaves":17,"minecraft:tall_grass":4,"minecraft:cobblestone":269,"minecraft:oak_planks":13,"minecraft:repeater":2,"minecraft:spruce_log":6,"minecraft:sand":2,"minecraft:dirt":59,"minecraft:acacia_planks":1,"minecraft:oak_leaves":60,"minecraft:deepslate":5},"minecraft:used":{"minecraft:carved_pumpkin":1,"minecraft:spruce_planks":274,"minecraft:iron_sword":572,"mutantmonsters:mutant_skeleton_spawn_egg":2,"alexsmobs:spawn_egg_cockroach":1,"minecraft:cooked_chicken":10,"minecraft:netherrack":1,"minecraft:torch":3,"quark:ancient_log":10,"ironfurnaces:diamond_furnace":1,"minecraft:dirt":43,"minecraft:hopper":6,"mcwfences:wooden_cheval_de_frise":11,"minecraft:carrot":71,"easy_npc:humanoid_spawn_egg":3,"minecraft:granite":1,"minecraft:jungle_sapling":17,"alexsmobs:potted_flutter":1,"minecraft:wooden_axe":16,"minecraft:lava_bucket":2,"quark:spruce_chest":2,"minecraft:iron_axe":300,"minecraft:jungle_log":3,"torchmaster:feral_flare_lantern":2,"minecraft:bow":80,"minecraft:furnace":1,"minecraft:oak_sapling":5,"alexsmobs:banana":2,"minecraft:egg":37,"minecraft:cobbled_deepslate":5,"minecraft:acacia_planks":1,"minecraft:wheat_seeds":3,"minecraft:water_bucket":30,"minecraft:snow_block":2,"quark:ancient_planks":10,"minecraft:stone_pickaxe":393,"minecraft:baked_potato":31,"minecraft:oak_planks":100,"minecraft:wooden_pickaxe":103,"minecraft:composter":3,"minecraft:spruce_sign":1,"minecraft:sugar_cane":5,"minecraft:sand":2,"constructionwand:stone_wand":8,"minecraft:spruce_log":5,"minecraft:iron_pickaxe":706,"minecraft:spruce_sapling":179,"minecraft:stone_axe":107,"mutantmonsters:mutant_zombie_spawn_egg":1,"minecraft:cobblestone":68,"sophisticatedstorage:iron_chest":4,"minecraft:bucket":32,"minecraft:bone_meal":40,"minecraft:splash_potion":3,"minecraft:coarse_dirt":2,"quark:ancient_sapling":6,"minecraft:smooth_stone":64,"minecraft:experience_bottle":25,"minecraft:beetroot":11},"minecraft:custom":{"minecraft:blood":0,"minecraft:mob_kills":242,"minecraft:dexterity":9,"minecraft:inspect_hopper":28,"minecraft:interact_with_crafting_table":60,"minecraft:damage_dealt_resisted":16,"minecraft:leave_game":25,"minecraft:time_since_death":701137,"minecraft:climb_one_cm":1733,"minecraft:mana":205,"minecraft:magic_shield":0,"minecraft:sprint_one_cm":1284924,"minecraft:walk_one_cm":1439186,"minecraft:drop":61,"minecraft:health":185,"minecraft:damage_dealt_absorbed":159,"minecraft:play_time":701137,"minecraft:sneak_time":14541,"minecraft:walk_under_water_one_cm":7633,"minecraft:jump":8118,"minecraft:energy":210,"minecraft:walk_on_water_one_cm":4272,"minecraft:total_world_time":701137,"minecraft:interact_with_furnace":71,"minecraft:intelligence":5,"minecraft:move_speed":0,"minecraft:traded_with_villager":41,"minecraft:levels_gained":8,"minecraft:time_since_rest":701137,"minecraft:damage_taken":48251,"minecraft:damage_absorbed":11282,"minecraft:trigger_trapped_chest":3,"minecraft:use_wand":55,"minecraft:damage_dealt":17063,"minecraft:fly_one_cm":2456931,"minecraft:open_chest":458,"minecraft:crouch_one_cm":42473,"minecraft:strength":5,"minecraft:inspect_dispenser":1,"minecraft:fall_one_cm":1354680},"minecraft:crafted":{"mutantmonsters:mutant_skeleton_leggings":2,"minecraft:cherry_planks":8,"minecraft:oak_planks":25,"minecraft:raw_iron":160,"minecraft:redstone":32,"lightmanscurrency:coinpile_iron":8,"ironfurnaces:gold_furnace":1,"minecraft:cooked_chicken":10,"minecraft:sand":64,"sophisticatedstorage:iron_chest":4,"ironfurnaces:iron_furnace":1,"minecraft:stone":64,"lightmanscurrency:coin_iron":8,"sophisticatedbackpacks:crafting_upgrade":2,"quark:cherry_chest":4,"ironfurnaces:diamond_furnace":1,"lightmanscurrency:wallet_iron":2,"minecraft:glass":32,"minecraft:hopper":5,"mcwfences:wooden_cheval_de_frise":4,"minecraft:raw_copper":16,"minecraft:iron_axe":6,"minecraft:spruce_slab":12,"mutantmonsters:mutant_skeleton_boots":1,"quark:ancient_log":32,"minecraft:stone_pickaxe":4,"mutantmonsters:mutant_skeleton_rib_cage":1,"quark:spruce_chest":9,"constructionwand:diamond_wand":1,"lightmanscurrency:wallet_copper":3,"minecraft:spruce_sign":3,"minecraft:diamond_axe":1,"minecraft:crafting_table":2,"minecraft:spruce_planks":131,"minecraft:wooden_pickaxe":1,"minecraft:baked_potato":31,"minecraft:copper_ingot":16,"minecraft:gold_block":1,"minecraft:bucket":1,"minecraft:stone_axe":3,"sophisticatedbackpacks:upgrade_base":2,"minecraft:diorite":64,"minecraft:air":820,"rechiseled:chisel":1,"lightmanscurrency:coin_gold":31,"farmersdelight:fried_egg":16,"sophisticatedstorage:chest":4,"minecraft:charcoal":79,"constructionwand:stone_wand":1,"minecraft:stick":1,"minecraft:iron_ingot":114,"minecraft:iron_pickaxe":3,"minecraft:wooden_axe":1,"minecraft:iron_block":3,"minecraft:gold_ingot":9,"minecraft:anvil":1,"quark:ancient_planks":14,"minecraft:redstone_torch":4,"minecraft:andesite":64,"mca:rose_gold_block":1,"minecraft:composter":1,"minecraft:shears":1}},"DataVersion":3465}