{"stats":{"minecraft:crafted":{"mutantmonsters:mutant_skeleton_leggings":2,"minecraft:cherry_planks":8,"minecraft:oak_planks":25,"minecraft:raw_iron":96,"minecraft:redstone":32,"lightmanscurrency:coinpile_iron":8,"minecraft:cooked_chicken":4,"sophisticatedstorage:iron_chest":4,"minecraft:stone":64,"lightmanscurrency:coin_iron":8,"sophisticatedbackpacks:crafting_upgrade":2,"quark:cherry_chest":4,"lightmanscurrency:wallet_iron":1,"minecraft:hopper":5,"mcwfences:wooden_cheval_de_frise":4,"minecraft:raw_copper":16,"minecraft:iron_axe":5,"minecraft:spruce_slab":12,"mutantmonsters:mutant_skeleton_boots":1,"quark:ancient_log":32,"minecraft:stone_pickaxe":4,"mutantmonsters:mutant_skeleton_rib_cage":1,"quark:spruce_chest":9,"constructionwand:diamond_wand":1,"lightmanscurrency:wallet_copper":3,"minecraft:spruce_sign":3,"minecraft:diamond_axe":1,"minecraft:crafting_table":2,"minecraft:spruce_planks":131,"minecraft:wooden_pickaxe":1,"minecraft:baked_potato":31,"minecraft:copper_ingot":16,"minecraft:bucket":1,"minecraft:stone_axe":3,"sophisticatedbackpacks:upgrade_base":2,"minecraft:diorite":64,"minecraft:air":817,"rechiseled:chisel":1,"lightmanscurrency:coin_gold":31,"sophisticatedstorage:chest":4,"minecraft:charcoal":79,"constructionwand:stone_wand":1,"minecraft:stick":1,"minecraft:iron_ingot":78,"minecraft:iron_pickaxe":3,"minecraft:wooden_axe":1,"quark:ancient_planks":14,"minecraft:redstone_torch":4,"minecraft:andesite":64,"minecraft:composter":1},"minecraft:used":{"minecraft:carved_pumpkin":1,"minecraft:spruce_planks":274,"minecraft:iron_sword":524,"mutantmonsters:mutant_skeleton_spawn_egg":2,"alexsmobs:spawn_egg_cockroach":1,"minecraft:cooked_chicken":3,"minecraft:netherrack":1,"minecraft:torch":3,"quark:ancient_log":10,"minecraft:dirt":34,"minecraft:hopper":6,"mcwfences:wooden_cheval_de_frise":11,"minecraft:carrot":71,"easy_npc:humanoid_spawn_egg":3,"minecraft:granite":1,"alexsmobs:potted_flutter":1,"minecraft:wooden_axe":16,"minecraft:lava_bucket":2,"quark:spruce_chest":2,"minecraft:iron_axe":254,"torchmaster:feral_flare_lantern":2,"minecraft:bow":45,"minecraft:oak_sapling":5,"minecraft:egg":31,"minecraft:cobbled_deepslate":5,"minecraft:acacia_planks":1,"minecraft:wheat_seeds":3,"minecraft:water_bucket":18,"minecraft:snow_block":2,"quark:ancient_planks":10,"minecraft:stone_pickaxe":393,"minecraft:baked_potato":31,"minecraft:oak_planks":94,"minecraft:wooden_pickaxe":103,"minecraft:composter":3,"minecraft:spruce_sign":1,"constructionwand:stone_wand":8,"minecraft:spruce_log":5,"minecraft:iron_pickaxe":703,"minecraft:spruce_sapling":166,"minecraft:stone_axe":107,"mutantmonsters:mutant_zombie_spawn_egg":1,"minecraft:cobblestone":64,"sophisticatedstorage:iron_chest":4,"minecraft:bucket":20,"minecraft:coarse_dirt":2,"quark:ancient_sapling":6,"minecraft:smooth_stone":64,"minecraft:experience_bottle":25,"minecraft:beetroot":2},"minecraft:custom":{"minecraft:blood":0,"minecraft:mob_kills":190,"minecraft:dexterity":9,"minecraft:inspect_hopper":28,"minecraft:interact_with_crafting_table":55,"minecraft:leave_game":24,"minecraft:time_since_death":616985,"minecraft:climb_one_cm":219,"minecraft:mana":205,"minecraft:magic_shield":0,"minecraft:sprint_one_cm":1113475,"minecraft:walk_one_cm":1239043,"minecraft:drop":48,"minecraft:health":185,"minecraft:damage_dealt_absorbed":80,"minecraft:play_time":616985,"minecraft:sneak_time":12514,"minecraft:walk_under_water_one_cm":5876,"minecraft:jump":6825,"minecraft:energy":210,"minecraft:walk_on_water_one_cm":2692,"minecraft:total_world_time":616985,"minecraft:interact_with_furnace":49,"minecraft:intelligence":5,"minecraft:move_speed":0,"minecraft:traded_with_villager":35,"minecraft:levels_gained":8,"minecraft:time_since_rest":616985,"minecraft:damage_taken":31415,"minecraft:damage_absorbed":10937,"minecraft:use_wand":55,"minecraft:damage_dealt":15334,"minecraft:fly_one_cm":2130919,"minecraft:open_chest":377,"minecraft:crouch_one_cm":37384,"minecraft:strength":5,"minecraft:fall_one_cm":1031195},"minecraft:killed":{"mca:female_zombie_villager":1,"minecraft:spider":27,"minecraft:slime":36,"quark:forgotten":1,"minecraft:skeleton":18,"mutantmonsters:mutant_skeleton":1,"minecraft:creeper":48,"alexsmobs:cockroach":1,"minecraft:zombie":46,"minecraft:enderman":2},"minecraft:mined":{"quark:ancient_log":174,"minecraft:spruce_planks":3,"quark:orange_blossom_leaves":17,"quark:blue_blossom_leaves":3,"minecraft:granite":1,"minecraft:grass_block":9,"minecraft:spruce_leaves":18,"minecraft:composter":2,"minecraft:hopper":1,"minecraft:smooth_stone":20,"minecraft:spruce_sapling":16,"minecraft:fire":3,"mcwfences:wooden_cheval_de_frise":7,"minecraft:stone":903,"quark:red_blossom_leaves":22,"quark:lavender_blossom_leaves":13,"minecraft:torch":1,"quark:ancient_leaves":17,"minecraft:tall_grass":4,"minecraft:cobblestone":268,"minecraft:oak_planks":2,"minecraft:spruce_log":6,"minecraft:dirt":59,"minecraft:acacia_planks":1,"minecraft:deepslate":5},"minecraft:broken":{"minecraft:iron_leggings":1,"minecraft:wooden_pickaxe":2,"minecraft:stone_pickaxe":3,"minecraft:iron_axe":4,"minecraft:stone_axe":3,"minecraft:iron_sword":2,"minecraft:iron_pickaxe":2,"minecraft:iron_helmet":1,"minecraft:wooden_axe":1},"minecraft:picked_up":{"minecraft:iron_chestplate":2,"minecraft:wheat":16,"alexsmobs:maraca":3,"mmorpg:gems/sapphire/0":1,"minecraft:lead":1,"mmorpg:jewelry/ring/iron":1,"quark:ancient_sapling":24,"minecraft:string":21,"mutantmonsters:mutant_skeleton_skull":2,"minecraft:iron_leggings":1,"minecraft:beetroot":18,"minecraft:smooth_stone":20,"minecraft:cobbled_deepslate":5,"minecraft:spruce_planks":3,"minecraft:music_disc_otherside":1,"minecraft:chest":1,"mmorpg:offhand/tome/iron":2,"minecraft:iron_boots":1,"minecraft:egg":71,"minecraft:stick":311,"minecraft:composter":2,"minecraft:torch":3,"minecraft:snow_block":4,"mmorpg:jewelry/necklace/iron":1,"minecraft:pointed_dripstone":10,"minecraft:carrot":91,"mutantmonsters:mutant_skeleton_pelvis":2,"minecraft:sniffer_egg":2,"minecraft:arrow":60,"minecraft:rotten_flesh":59,"minecraft:beetroot_seeds":27,"minecraft:carved_pumpkin":1,"mutantmonsters:mutant_skeleton_rib":9,"mcwfences:wooden_cheval_de_frise":3,"mutantmonsters:mutant_skeleton_shoulder_pad":2,"minecraft:cobblestone":96,"minecraft:leather":14,"minecraft:golden_leggings":1,"minecraft:potato":21,"minecraft:oak_log":47,"minecraft:lily_pad":1,"minecraft:golden_boots":1,"minecraft:gunpowder":56,"mutantmonsters:mutant_skeleton_limb":11,"minecraft:dirt":68,"quark:forgotten_hat":1,"minecraft:bone":24,"minecraft:acacia_planks":1,"minecraft:apple":4,"minecraft:bow":5,"minecraft:wheat_seeds":28,"minecraft:spore_blossom":1,"minecraft:iron_ingot":10,"minecraft:moss_block":10,"lightmanscurrency:coin_iron":15,"minecraft:iron_sword":2,"minecraft:oak_planks":1,"quark:ancient_fruit":7,"mmorpg:stat_soul":2,"minecraft:spruce_sapling":484,"sophisticatedbackpacks:iron_backpack":3,"mmorpg:weapon/staff/wood":2,"minecraft:spruce_log":1182,"minecraft:spider_eye":15,"lightmanscurrency:coin_copper":800,"minecraft:slime_ball":55,"lightmanscurrency:coin_gold":2,"minecraft:iron_helmet":3,"quark:music_disc_clock":1,"minecraft:crossbow":3,"minecraft:granite":1,"minecraft:bone_meal":46,"minecraft:golden_apple":1,"quark:ancient_log":481,"minecraft:oak_sapling":39,"mmorpg:offhand/dodge/iron":1,"minecraft:hopper":1,"minecraft:ender_pearl":3},"minecraft:dropped":{"sophisticatedbackpacks:iron_backpack":2,"minecraft:iron_ingot":11,"mmorpg:stat_soul":1,"torchmaster:feral_flare_lantern":2,"minecraft:diamond_axe":1,"minecraft:wheat_seeds":2,"minecraft:spore_blossom":1,"minecraft:cobblestone":16,"mutantmonsters:mutant_skeleton_boots":1,"artifacts:cloud_in_a_bottle":2,"alexsmobs:maraca":3,"constructionwand:diamond_wand":1,"minecraft:diorite":64,"lightmanscurrency:wallet_copper":1,"minecraft:iron_axe":1,"sophisticatedbackpacks:crafting_upgrade":1,"minecraft:snow_block":2,"quark:ancient_planks":46,"minecraft:rotten_flesh":9,"lightmanscurrency:coin_gold":6,"minecraft:carrot":10,"mutantmonsters:mutant_skeleton_chestplate":1,"easy_npc:humanoid_spawn_egg":1,"quark:ancient_log":169,"minecraft:spruce_planks":53,"mutantmonsters:mutant_skeleton_limb":1,"minecraft:andesite":64,"minecraft:oak_sapling":2,"minecraft:chest":1,"mutantmonsters:mutant_skeleton_leggings":2,"minecraft:bow":1,"minecraft:stone_pickaxe":1,"mutantmonsters:mutant_skeleton_rib":2,"mutantmonsters:mutant_skeleton_skull":2}},"DataVersion":3465}