{"stats":{"minecraft:dropped":{"sophisticatedbackpacks:iron_backpack":2,"torchmaster:feral_flare_lantern":2,"minecraft:diamond_axe":1,"minecraft:spore_blossom":1,"artifacts:cloud_in_a_bottle":2,"constructionwand:diamond_wand":1,"minecraft:fishing_rod":1,"quark:ancient_planks":46,"minecraft:rotten_flesh":23,"minecraft:oak_planks":3,"minecraft:carrot":10,"lightmanscurrency:wallet_iron":1,"minecraft:chest":1,"minecraft:glass":32,"minecraft:iron_ingot":11,"mmorpg:stat_soul":1,"minecraft:wheat_seeds":4,"mutantmonsters:mutant_skeleton_boots":1,"minecraft:cobblestone":16,"alexsmobs:maraca":3,"minecraft:diorite":64,"lightmanscurrency:wallet_copper":1,"minecraft:iron_axe":1,"sophisticatedbackpacks:crafting_upgrade":1,"minecraft:snow_block":2,"minecraft:anvil":1,"lightmanscurrency:coin_gold":126,"mutantmonsters:mutant_skeleton_chestplate":1,"easy_npc:humanoid_spawn_egg":1,"quark:ancient_log":169,"minecraft:spruce_planks":53,"mutantmonsters:mutant_skeleton_limb":1,"minecraft:andesite":64,"minecraft:oak_sapling":2,"mutantmonsters:mutant_skeleton_leggings":2,"minecraft:bow":1,"minecraft:stone_pickaxe":1,"mutantmonsters:mutant_skeleton_rib":2,"mutantmonsters:mutant_skeleton_skull":2},"minecraft:killed":{"minecraft:spider":29,"quark:forgotten":1,"minecraft:skeleton":22,"mutantmonsters:mutant_skeleton":1,"minecraft:creeper":63,"minecraft:zombie":66,"minecraft:cow":3,"mca:female_zombie_villager":1,"minecraft:slime":46,"alexsmobs:cockroach":1,"minecraft:enderman":2},"minecraft:broken":{"minecraft:iron_leggings":1,"minecraft:stone_pickaxe":3,"minecraft:stone_axe":3,"minecraft:iron_sword":2,"minecraft:wooden_axe":1,"minecraft:wooden_pickaxe":2,"minecraft:iron_axe":6,"minecraft:iron_pickaxe":2,"minecraft:iron_helmet":1},"minecraft:picked_up":{"minecraft:iron_chestplate":2,"minecraft:wheat":25,"alexsmobs:maraca":3,"mmorpg:gems/sapphire/0":1,"minecraft:lead":1,"minecraft:turtle_egg":4,"minecraft:enchanted_book":1,"spartanweaponry:iron_katana":1,"lightmanscurrency:coin_diamond":1,"minecraft:string":23,"mutantmonsters:mutant_skeleton_skull":2,"minecraft:iron_leggings":1,"minecraft:pufferfish":1,"minecraft:beetroot":18,"minecraft:sea_pickle":3,"alexsmobs:banana":2,"minecraft:cobbled_deepslate":5,"minecraft:smooth_stone":20,"minecraft:iron_golem_spawn_egg":1,"minecraft:spruce_planks":3,"mmorpg:material/fishing/0":3,"minecraft:iron_boots":1,"minecraft:furnace":2,"mmorpg:gems/emerald/0":1,"minecraft:tipped_arrow":15,"minecraft:stick":367,"minecraft:composter":2,"minecraft:torch":3,"minecraft:snow_block":4,"mmorpg:jewelry/necklace/iron":1,"minecraft:pointed_dripstone":10,"minecraft:goat_horn":1,"mutantmonsters:mutant_skeleton_pelvis":2,"lightmanscurrency:coin_emerald":4,"minecraft:sniffer_egg":2,"minecraft:cactus":2,"minecraft:rotten_flesh":83,"minecraft:carved_pumpkin":1,"mutantmonsters:mutant_skeleton_shoulder_pad":2,"minecraft:cod":2,"minecraft:cobblestone":97,"minecraft:nautilus_shell":4,"minecraft:sponge":8,"minecraft:repeater":2,"minecraft:jungle_log":282,"minecraft:golden_leggings":1,"minecraft:potato":21,"minecraft:lapis_lazuli":12,"minecraft:dirt":68,"minecraft:leather_boots":1,"minecraft:glass":2,"minecraft:bone":27,"minecraft:acacia_planks":1,"minecraft:bow":5,"minecraft:wheat_seeds":30,"minecraft:bell":1,"minecraft:bamboo":1,"minecraft:moss_block":10,"minecraft:oak_planks":10,"minecraft:sand":14,"sophisticatedbackpacks:iron_backpack":3,"minecraft:diamond":12,"quark:music_disc_clock":1,"minecraft:crossbow":3,"minecraft:granite":1,"minecraft:bone_meal":46,"minecraft:golden_apple":1,"minecraft:oak_sapling":41,"minecraft:charcoal":5,"minecraft:cocoa_beans":6,"minecraft:fishing_rod":1,"mmorpg:jewelry/ring/iron":1,"quark:ancient_sapling":24,"minecraft:large_fern":9,"minecraft:music_disc_otherside":1,"minecraft:beef":4,"minecraft:jungle_sapling":27,"minecraft:chest":2,"mmorpg:offhand/tome/iron":3,"minecraft:egg":78,"minecraft:dark_oak_sapling":5,"iammusicplayer:cassette_tape":1,"minecraft:carrot":91,"minecraft:redstone":8,"minecraft:arrow":63,"minecraft:beetroot_seeds":27,"minecraft:pumpkin_pie":4,"mutantmonsters:mutant_skeleton_rib":9,"mcwfences:wooden_cheval_de_frise":3,"minecraft:gold_ingot":44,"minecraft:glow_berries":6,"minecraft:white_wool":5,"minecraft:salmon":1,"minecraft:leather":19,"minecraft:fern":8,"minecraft:oak_log":47,"minecraft:lily_pad":1,"minecraft:golden_boots":1,"minecraft:gunpowder":73,"mutantmonsters:mutant_skeleton_limb":11,"minecraft:paper":3,"minecraft:white_banner":1,"quark:forgotten_hat":1,"minecraft:spawner":1,"minecraft:coast_armor_trim_smithing_template":3,"minecraft:apple":4,"minecraft:kelp":12,"minecraft:wild_armor_trim_smithing_template":3,"minecraft:heart_of_the_sea":1,"minecraft:spore_blossom":1,"minecraft:iron_ingot":50,"lightmanscurrency:coin_iron":22,"minecraft:iron_sword":2,"minecraft:book":3,"quark:ancient_fruit":7,"mmorpg:stat_soul":2,"minecraft:spruce_sapling":532,"mmorpg:weapon/staff/wood":2,"minecraft:spruce_log":1329,"minecraft:sea_lantern":4,"minecraft:spider_eye":16,"lightmanscurrency:coin_copper":1000,"minecraft:slime_ball":63,"lightmanscurrency:coin_gold":11,"minecraft:iron_helmet":3,"quark:ancient_log":481,"minecraft:coal":9,"mmorpg:offhand/dodge/iron":1,"minecraft:hopper":1,"minecraft:ender_pearl":3},"minecraft:mined":{"minecraft:spruce_planks":3,"quark:orange_blossom_leaves":17,"minecraft:jungle_leaves":193,"minecraft:granite":1,"minecraft:grass_block":9,"minecraft:jungle_log":2,"minecraft:composter":2,"minecraft:hopper":1,"minecraft:smooth_stone":20,"minecraft:fire":3,"mcwfences:wooden_cheval_de_frise":7,"minecraft:torch":1,"minecraft:chest":1,"minecraft:cobblestone":269,"minecraft:oak_planks":13,"minecraft:repeater":2,"minecraft:sand":2,"minecraft:dirt":59,"minecraft:oak_leaves":60,"minecraft:deepslate":5,"quark:ancient_log":174,"quark:blue_blossom_leaves":3,"minecraft:redstone_wire":8,"minecraft:spruce_leaves":37,"minecraft:spruce_sapling":16,"minecraft:furnace":2,"minecraft:vine":6,"minecraft:stone":903,"quark:red_blossom_leaves":22,"quark:lavender_blossom_leaves":13,"quark:ancient_leaves":17,"minecraft:tall_grass":4,"minecraft:spruce_log":6,"minecraft:acacia_planks":1},"minecraft:used":{"minecraft:beetroot":11,"minecraft:iron_sword":585,"mutantmonsters:mutant_skeleton_spawn_egg":2,"quark:ancient_log":10,"mcwfences:wooden_cheval_de_frise":11,"minecraft:carrot":73,"easy_npc:humanoid_spawn_egg":3,"alexsmobs:potted_flutter":1,"minecraft:jungle_sapling":21,"minecraft:lava_bucket":2,"minecraft:bow":80,"minecraft:furnace":1,"minecraft:oak_sapling":5,"minecraft:egg":38,"minecraft:stone_pickaxe":393,"minecraft:oak_planks":100,"minecraft:wooden_pickaxe":103,"minecraft:composter":3,"minecraft:diamond_axe":7,"minecraft:sugar_cane":5,"minecraft:sand":2,"minecraft:coarse_dirt":2,"minecraft:bone_meal":49,"minecraft:experience_bottle":25,"minecraft:oak_fence":8,"minecraft:carved_pumpkin":1,"minecraft:spruce_planks":274,"alexsmobs:spawn_egg_cockroach":1,"minecraft:cooked_chicken":10,"minecraft:netherrack":1,"sophisticatedstorage:gold_chest":2,"minecraft:torch":3,"minecraft:dirt":43,"ironfurnaces:diamond_furnace":1,"minecraft:hopper":6,"minecraft:granite":1,"minecraft:wooden_axe":16,"quark:spruce_chest":2,"minecraft:iron_axe":303,"minecraft:jungle_log":3,"torchmaster:feral_flare_lantern":2,"alexsmobs:banana":2,"minecraft:acacia_planks":1,"minecraft:cobbled_deepslate":5,"farmersdelight:fried_egg":3,"minecraft:wheat_seeds":3,"minecraft:water_bucket":30,"minecraft:snow_block":2,"quark:ancient_planks":10,"minecraft:baked_potato":31,"minecraft:spruce_sign":1,"constructionwand:stone_wand":8,"minecraft:spruce_log":5,"minecraft:iron_pickaxe":706,"minecraft:spruce_sapling":201,"minecraft:stone_axe":107,"mutantmonsters:mutant_zombie_spawn_egg":1,"minecraft:cobblestone":69,"sophisticatedstorage:iron_chest":4,"minecraft:bucket":32,"minecraft:smooth_stone":64,"minecraft:splash_potion":3,"quark:ancient_sapling":6},"minecraft:custom":{"minecraft:blood":0,"minecraft:dexterity":9,"minecraft:interact_with_crafting_table":61,"minecraft:leave_game":25,"minecraft:time_since_death":723392,"minecraft:sprint_one_cm":1351758,"minecraft:drop":61,"minecraft:health":185,"minecraft:play_time":723392,"minecraft:jump":8390,"minecraft:energy":210,"minecraft:walk_on_water_one_cm":4272,"minecraft:interact_with_furnace":77,"minecraft:intelligence":5,"minecraft:traded_with_villager":41,"minecraft:levels_gained":8,"minecraft:damage_dealt":17475,"minecraft:crouch_one_cm":42473,"minecraft:inspect_dispenser":1,"minecraft:mob_kills":245,"minecraft:inspect_hopper":29,"minecraft:damage_dealt_resisted":16,"minecraft:climb_one_cm":1733,"minecraft:mana":205,"minecraft:magic_shield":0,"minecraft:walk_one_cm":1484502,"minecraft:damage_dealt_absorbed":159,"minecraft:walk_under_water_one_cm":7633,"minecraft:sneak_time":14549,"minecraft:total_world_time":723392,"minecraft:move_speed":0,"minecraft:time_since_rest":723392,"minecraft:damage_taken":48273,"minecraft:damage_absorbed":11322,"minecraft:trigger_trapped_chest":3,"minecraft:use_wand":55,"minecraft:fly_one_cm":2505116,"minecraft:open_chest":576,"minecraft:strength":5,"minecraft:fall_one_cm":1359719},"minecraft:crafted":{"mutantmonsters:mutant_skeleton_leggings":2,"mca:rose_gold_block":1,"minecraft:oak_planks":34,"lightmanscurrency:coinpile_iron":8,"sophisticatedstorage:gold_chest":2,"minecraft:cooked_chicken":10,"minecraft:sand":64,"ironfurnaces:iron_furnace":1,"minecraft:stone":64,"sophisticatedbackpacks:crafting_upgrade":2,"quark:cherry_chest":5,"ironfurnaces:diamond_furnace":1,"minecraft:hopper":5,"minecraft:glass":32,"mcwfences:wooden_cheval_de_frise":4,"minecraft:raw_copper":16,"mutantmonsters:mutant_skeleton_boots":1,"mutantmonsters:mutant_skeleton_rib_cage":1,"lightmanscurrency:wallet_copper":3,"minecraft:diamond_axe":2,"minecraft:crafting_table":2,"minecraft:spruce_planks":131,"minecraft:baked_potato":31,"minecraft:wooden_pickaxe":1,"minecraft:copper_ingot":16,"minecraft:gold_block":1,"sophisticatedbackpacks:upgrade_base":2,"minecraft:diorite":64,"ironfurnaces:augment_speed":1,"rechiseled:chisel":1,"farmersdelight:fried_egg":16,"minecraft:paper":3,"minecraft:charcoal":79,"constructionwand:stone_wand":1,"minecraft:stick":1,"minecraft:iron_ingot":114,"minecraft:iron_pickaxe":3,"minecraft:iron_block":3,"minecraft:gold_ingot":9,"quark:ancient_planks":14,"minecraft:redstone_torch":6,"minecraft:composter":1,"minecraft:shears":1,"minecraft:cherry_planks":8,"minecraft:redstone":32,"minecraft:raw_iron":160,"ironfurnaces:gold_furnace":1,"sophisticatedstorage:iron_chest":6,"lightmanscurrency:coin_iron":8,"minecraft:bone_meal":3,"lightmanscurrency:wallet_iron":2,"minecraft:iron_axe":6,"minecraft:spruce_slab":12,"minecraft:stone_pickaxe":4,"quark:ancient_log":32,"quark:spruce_chest":9,"minecraft:sugar":1,"constructionwand:diamond_wand":1,"minecraft:spruce_sign":3,"minecraft:bucket":1,"minecraft:stone_axe":3,"minecraft:air":866,"lightmanscurrency:coin_gold":31,"sophisticatedstorage:chest":6,"minecraft:wooden_axe":1,"minecraft:anvil":1,"minecraft:andesite":64}},"DataVersion":3465}