{"stats":{"minecraft:custom":{"minecraft:blood":0,"minecraft:dexterity":9,"minecraft:interact_with_crafting_table":61,"minecraft:leave_game":29,"minecraft:time_since_death":815866,"minecraft:sprint_one_cm":1595465,"minecraft:drop":74,"minecraft:health":196,"minecraft:play_time":815866,"minecraft:jump":9396,"minecraft:energy":220,"minecraft:walk_on_water_one_cm":20235,"minecraft:interact_with_furnace":79,"minecraft:intelligence":5,"minecraft:traded_with_villager":56,"minecraft:levels_gained":9,"minecraft:damage_dealt":19217,"minecraft:crouch_one_cm":46432,"minecraft:inspect_dispenser":1,"minecraft:mob_kills":289,"minecraft:inspect_hopper":33,"minecraft:damage_dealt_resisted":16,"minecraft:climb_one_cm":1733,"minecraft:mana":207,"minecraft:magic_shield":0,"minecraft:walk_one_cm":1708230,"minecraft:damage_dealt_absorbed":159,"minecraft:walk_under_water_one_cm":49353,"minecraft:sneak_time":16106,"minecraft:total_world_time":815866,"minecraft:move_speed":0,"minecraft:time_since_rest":815866,"minecraft:damage_taken":52078,"minecraft:damage_absorbed":12414,"minecraft:trigger_trapped_chest":3,"minecraft:use_wand":55,"minecraft:swim_one_cm":79078,"minecraft:fly_one_cm":2722792,"minecraft:open_chest":756,"minecraft:strength":5,"minecraft:fall_one_cm":1467545},"minecraft:used":{"minecraft:beetroot":11,"minecraft:oak_sign":3,"minecraft:iron_sword":645,"mutantmonsters:mutant_skeleton_spawn_egg":2,"quark:ancient_log":10,"minecraft:jungle_planks":4,"mcwfences:wooden_cheval_de_frise":11,"minecraft:carrot":73,"easy_npc:humanoid_spawn_egg":3,"minecraft:milk_bucket":2,"minecraft:jungle_sapling":49,"alexsmobs:potted_flutter":1,"minecraft:lava_bucket":2,"minecraft:grass_block":40,"minecraft:bow":93,"minecraft:furnace":1,"minecraft:oak_sapling":5,"minecraft:egg":40,"minecraft:stone_pickaxe":393,"minecraft:oak_planks":104,"minecraft:wooden_pickaxe":103,"minecraft:composter":3,"minecraft:sugar_cane":5,"minecraft:diamond_axe":89,"elevatorid:elevator_white":2,"minecraft:sand":2,"minecraft:coarse_dirt":2,"minecraft:bone_meal":121,"minecraft:experience_bottle":25,"minecraft:oak_fence":10,"minecraft:carved_pumpkin":1,"minecraft:spruce_planks":320,"alexsmobs:spawn_egg_cockroach":1,"sophisticatedstorage:gold_chest":2,"minecraft:cooked_chicken":10,"minecraft:netherrack":1,"minecraft:oak_door":7,"minecraft:torch":5,"minecraft:dirt":49,"ironfurnaces:diamond_furnace":1,"minecraft:hopper":6,"minecraft:granite":1,"minecraft:wooden_axe":16,"quark:spruce_chest":2,"minecraft:iron_axe":303,"minecraft:jungle_log":3,"torchmaster:feral_flare_lantern":2,"alexsmobs:banana":6,"minecraft:acacia_planks":1,"minecraft:cobbled_deepslate":5,"farmersdelight:fried_egg":23,"quark:blossom_log":13,"minecraft:wheat_seeds":3,"minecraft:water_bucket":37,"minecraft:snow_block":2,"quark:ancient_planks":10,"minecraft:baked_potato":31,"minecraft:spruce_sign":1,"constructionwand:stone_wand":8,"minecraft:spruce_log":5,"minecraft:iron_pickaxe":717,"minecraft:suspicious_stew":1,"minecraft:spruce_sapling":229,"minecraft:stone_axe":107,"mutantmonsters:mutant_zombie_spawn_egg":1,"minecraft:cobblestone":71,"sophisticatedstorage:iron_chest":4,"minecraft:bucket":37,"minecraft:splash_potion":3,"minecraft:smooth_stone":82,"quark:ancient_sapling":6},"minecraft:mined":{"minecraft:spruce_planks":4,"quark:orange_blossom_leaves":17,"minecraft:jungle_leaves":236,"minecraft:granite":1,"minecraft:grass_block":13,"minecraft:jungle_log":3,"minecraft:composter":2,"minecraft:hopper":1,"minecraft:smooth_stone":20,"minecraft:tall_seagrass":1,"minecraft:fire":3,"mcwfences:wooden_cheval_de_frise":7,"minecraft:torch":2,"minecraft:chest":1,"quark:blossom_log":40,"minecraft:cobblestone":271,"minecraft:sugar_cane":4,"minecraft:oak_planks":14,"minecraft:repeater":2,"minecraft:prismarine_brick_stairs":3,"minecraft:sand":2,"minecraft:dirt":63,"minecraft:oak_leaves":60,"minecraft:deepslate":5,"quark:ancient_log":174,"quark:blue_blossom_leaves":3,"minecraft:redstone_wire":8,"minecraft:spruce_leaves":166,"minecraft:spruce_sapling":16,"minecraft:furnace":2,"minecraft:vine":9,"minecraft:stone":903,"quark:red_blossom_leaves":23,"quark:lavender_blossom_leaves":13,"minecraft:prismarine_slab":1,"quark:ancient_leaves":17,"minecraft:tall_grass":4,"minecraft:prismarine_bricks":3,"minecraft:spruce_log":6,"minecraft:acacia_planks":1},"minecraft:killed":{"minecraft:spider":31,"quark:forgotten":1,"minecraft:skeleton":25,"minecraft:guardian":1,"minecraft:elder_guardian":1,"mutantmonsters:mutant_skeleton":1,"minecraft:creeper":67,"minecraft:zombie":68,"minecraft:cow":3,"mca:female_zombie_villager":1,"alexsmobs:blobfish":2,"minecraft:slime":74,"alexsmobs:frilled_shark":1,"alexsmobs:cockroach":1,"minecraft:enderman":2},"minecraft:picked_up":{"minecraft:seagrass":18,"minecraft:iron_chestplate":2,"minecraft:wheat":25,"alexsmobs:maraca":3,"mmorpg:gems/sapphire/0":1,"minecraft:suspicious_stew":1,"minecraft:prismarine_shard":11,"minecraft:lead":1,"minecraft:turtle_egg":4,"minecraft:enchanted_book":2,"lightmanscurrency:coin_diamond":1,"spartanweaponry:iron_katana":1,"minecraft:string":76,"mutantmonsters:mutant_skeleton_skull":2,"minecraft:iron_leggings":1,"minecraft:pufferfish":1,"minecraft:beetroot":18,"minecraft:sea_pickle":3,"alexsmobs:banana":10,"minecraft:cobbled_deepslate":7,"minecraft:smooth_stone":20,"minecraft:iron_golem_spawn_egg":1,"minecraft:spruce_planks":6,"mmorpg:material/fishing/0":3,"minecraft:enchanted_golden_apple":1,"minecraft:iron_boots":1,"minecraft:furnace":2,"minecraft:tipped_arrow":15,"mmorpg:gems/emerald/0":1,"minecraft:stick":448,"minecraft:composter":2,"minecraft:torch":5,"minecraft:snow_block":4,"quark:blossom_log":40,"mmorpg:jewelry/necklace/iron":1,"minecraft:pointed_dripstone":10,"minecraft:goat_horn":1,"mutantmonsters:mutant_skeleton_pelvis":2,"lightmanscurrency:coin_emerald":4,"minecraft:sniffer_egg":2,"mutantmonsters:hulk_hammer":1,"minecraft:cactus":2,"minecraft:rotten_flesh":90,"minecraft:carved_pumpkin":1,"alexsmobs:lost_tentacle":1,"mutantmonsters:mutant_skeleton_shoulder_pad":2,"minecraft:cod":11,"minecraft:cobblestone":97,"minecraft:nautilus_shell":4,"minecraft:sponge":20,"minecraft:repeater":2,"minecraft:jungle_log":1052,"minecraft:golden_leggings":1,"minecraft:potato":24,"minecraft:prismarine_bricks":16,"minecraft:lapis_lazuli":12,"minecraft:dirt":74,"minecraft:leather_boots":1,"minecraft:glass":2,"minecraft:bone":30,"minecraft:acacia_planks":1,"mmorpg:material/meat/0":1,"minecraft:bow":5,"spartanweaponry:iron_greatsword":1,"minecraft:wheat_seeds":30,"minecraft:bell":1,"minecraft:bamboo":1,"minecraft:moss_block":10,"alexsmobs:blobfish":76,"minecraft:oak_planks":10,"minecraft:sand":20,"sophisticatedbackpacks:iron_backpack":3,"minecraft:diamond":16,"quark:music_disc_clock":1,"minecraft:crossbow":3,"minecraft:granite":1,"minecraft:bone_meal":48,"minecraft:golden_apple":1,"minecraft:oak_sapling":42,"minecraft:netherrack":37,"minecraft:charcoal":5,"minecraft:fishing_rod":1,"minecraft:cocoa_beans":6,"minecraft:coarse_dirt":16,"mmorpg:jewelry/ring/iron":1,"minecraft:gold_block":4,"quark:ancient_sapling":76,"minecraft:large_fern":9,"minecraft:music_disc_otherside":1,"minecraft:beef":4,"minecraft:jungle_sapling":76,"minecraft:poppy":2,"minecraft:sugar_cane":9,"minecraft:chest":2,"mmorpg:offhand/tome/iron":4,"minecraft:egg":108,"mmorpg:skill_gems/support/dex":1,"minecraft:dark_oak_sapling":5,"minecraft:copper_ingot":1,"iammusicplayer:cassette_tape":1,"minecraft:carrot":97,"minecraft:redstone":8,"minecraft:prismarine_crystals":14,"minecraft:arrow":67,"minecraft:beetroot_seeds":27,"minecraft:pumpkin_pie":4,"mutantmonsters:mutant_skeleton_rib":9,"minecraft:yellow_terracotta":1,"mcwfences:wooden_cheval_de_frise":3,"minecraft:gold_ingot":44,"minecraft:glow_berries":6,"minecraft:white_wool":17,"quark:music_disc_wind":1,"minecraft:wet_sponge":1,"minecraft:prismarine_slab":2,"minecraft:glow_ink_sac":10,"minecraft:salmon":12,"minecraft:leather":19,"minecraft:fern":8,"minecraft:lily_pad":1,"minecraft:oak_log":47,"minecraft:golden_boots":1,"minecraft:gunpowder":78,"mutantmonsters:mutant_skeleton_limb":11,"minecraft:paper":3,"minecraft:white_banner":1,"quark:forgotten_hat":1,"minecraft:spawner":1,"minecraft:orange_terracotta":1,"minecraft:coast_armor_trim_smithing_template":3,"minecraft:apple":4,"minecraft:kelp":12,"minecraft:wild_armor_trim_smithing_template":3,"minecraft:heart_of_the_sea":1,"minecraft:spore_blossom":2,"minecraft:iron_ingot":60,"minecraft:cobweb":11,"lightmanscurrency:coin_iron":24,"minecraft:iron_sword":3,"minecraft:prismarine_brick_stairs":5,"minecraft:book":3,"quark:ancient_fruit":7,"minecraft:dandelion":1,"minecraft:gravel":3,"mmorpg:stat_soul":2,"minecraft:spruce_sapling":597,"mmorpg:weapon/staff/wood":2,"minecraft:spruce_log":1486,"minecraft:sea_lantern":4,"minecraft:spider_eye":19,"lightmanscurrency:coin_copper":1157,"minecraft:slime_ball":82,"minecraft:tide_armor_trim_smithing_template":1,"lightmanscurrency:coin_gold":11,"minecraft:iron_helmet":3,"quark:ancient_log":481,"minecraft:terracotta":4,"minecraft:coal":9,"mmorpg:offhand/dodge/iron":1,"minecraft:hopper":1,"minecraft:ender_pearl":3},"minecraft:crafted":{"mutantmonsters:mutant_skeleton_leggings":2,"mca:rose_gold_block":1,"minecraft:oak_planks":34,"lightmanscurrency:coinpile_iron":8,"minecraft:cooked_chicken":10,"sophisticatedstorage:gold_chest":2,"minecraft:sand":64,"ironfurnaces:iron_furnace":1,"minecraft:stone":64,"sophisticatedbackpacks:crafting_upgrade":2,"quark:cherry_chest":5,"ironfurnaces:diamond_furnace":1,"minecraft:glass":32,"minecraft:hopper":5,"mcwfences:wooden_cheval_de_frise":4,"minecraft:raw_copper":16,"mutantmonsters:mutant_skeleton_boots":1,"mutantmonsters:mutant_skeleton_rib_cage":1,"lightmanscurrency:wallet_copper":3,"minecraft:diamond_axe":2,"minecraft:crafting_table":2,"minecraft:spruce_planks":131,"minecraft:wooden_pickaxe":1,"minecraft:baked_potato":31,"minecraft:copper_ingot":16,"minecraft:gold_block":1,"sophisticatedbackpacks:upgrade_base":2,"minecraft:diorite":64,"ironfurnaces:augment_speed":1,"rechiseled:chisel":1,"farmersdelight:fried_egg":16,"minecraft:paper":3,"minecraft:charcoal":79,"constructionwand:stone_wand":1,"minecraft:stick":1,"minecraft:iron_ingot":114,"minecraft:iron_pickaxe":3,"minecraft:iron_block":3,"minecraft:gold_ingot":9,"quark:ancient_planks":14,"minecraft:redstone_torch":6,"minecraft:composter":1,"minecraft:shears":1,"minecraft:cherry_planks":8,"minecraft:oak_door":3,"minecraft:redstone":32,"minecraft:raw_iron":160,"ironfurnaces:gold_furnace":1,"sophisticatedstorage:iron_chest":6,"lightmanscurrency:coin_iron":8,"minecraft:bone_meal":45,"lightmanscurrency:wallet_iron":2,"minecraft:iron_axe":6,"minecraft:spruce_slab":12,"minecraft:stone_pickaxe":4,"quark:ancient_log":32,"quark:spruce_chest":9,"minecraft:sugar":1,"constructionwand:diamond_wand":1,"minecraft:spruce_sign":3,"minecraft:bucket":1,"minecraft:stone_axe":3,"minecraft:air":996,"minecraft:jungle_planks":1,"lightmanscurrency:coin_gold":49,"sophisticatedstorage:chest":6,"minecraft:wooden_axe":1,"minecraft:anvil":1,"minecraft:andesite":64},"minecraft:broken":{"minecraft:iron_leggings":1,"minecraft:stone_pickaxe":3,"minecraft:stone_axe":3,"minecraft:iron_sword":2,"minecraft:wooden_axe":1,"minecraft:wooden_pickaxe":2,"minecraft:iron_axe":6,"minecraft:iron_pickaxe":2,"minecraft:iron_helmet":1},"minecraft:dropped":{"sophisticatedbackpacks:iron_backpack":2,"torchmaster:feral_flare_lantern":2,"minecraft:diamond_axe":1,"minecraft:spore_blossom":1,"artifacts:cloud_in_a_bottle":2,"spartanweaponry:wooden_longbow":2,"constructionwand:diamond_wand":1,"minecraft:fishing_rod":1,"quark:ancient_planks":46,"minecraft:rotten_flesh":29,"minecraft:oak_planks":3,"minecraft:carrot":10,"lightmanscurrency:wallet_iron":1,"minecraft:chest":1,"minecraft:glass":32,"minecraft:iron_ingot":11,"mmorpg:stat_soul":1,"minecraft:wheat_seeds":4,"mutantmonsters:mutant_skeleton_boots":1,"minecraft:cobblestone":16,"mmorpg:weapon/staff/wood":1,"alexsmobs:maraca":3,"minecraft:milk_bucket":1,"minecraft:diorite":64,"lightmanscurrency:wallet_copper":1,"minecraft:iron_axe":1,"sophisticatedbackpacks:crafting_upgrade":1,"minecraft:string":1,"minecraft:music_disc_cat":1,"minecraft:snow_block":2,"minecraft:anvil":1,"minecraft:bowl":1,"lightmanscurrency:coin_gold":126,"mutantmonsters:mutant_skeleton_chestplate":1,"easy_npc:humanoid_spawn_egg":1,"quark:ancient_log":169,"minecraft:spruce_planks":53,"mutantmonsters:mutant_skeleton_limb":1,"minecraft:andesite":64,"minecraft:oak_sapling":2,"mutantmonsters:mutant_skeleton_leggings":2,"minecraft:spider_eye":3,"minecraft:bow":2,"minecraft:stone_pickaxe":1,"mutantmonsters:mutant_skeleton_rib":2,"mutantmonsters:mutant_skeleton_skull":2}},"DataVersion":3465}