{"stats":{"minecraft:picked_up":{"minecraft:iron_chestplate":1,"alexsmobs:maraca":3,"mmorpg:gems/sapphire/0":1,"minecraft:lead":1,"mmorpg:jewelry/ring/iron":1,"quark:ancient_sapling":24,"minecraft:string":18,"minecraft:iron_leggings":1,"minecraft:beetroot":9,"minecraft:smooth_stone":20,"minecraft:cobbled_deepslate":5,"minecraft:spruce_planks":3,"minecraft:music_disc_otherside":1,"minecraft:chest":1,"mmorpg:offhand/tome/iron":2,"minecraft:egg":68,"minecraft:stick":247,"minecraft:composter":2,"minecraft:torch":1,"minecraft:snow_block":4,"mmorpg:jewelry/necklace/iron":1,"minecraft:pointed_dripstone":10,"minecraft:carrot":69,"mutantmonsters:mutant_skeleton_pelvis":2,"minecraft:sniffer_egg":2,"minecraft:arrow":51,"minecraft:rotten_flesh":37,"minecraft:beetroot_seeds":13,"minecraft:carved_pumpkin":1,"mutantmonsters:mutant_skeleton_rib":9,"mcwfences:wooden_cheval_de_frise":3,"mutantmonsters:mutant_skeleton_shoulder_pad":2,"minecraft:cobblestone":94,"minecraft:leather":14,"minecraft:golden_leggings":1,"minecraft:oak_log":47,"minecraft:lily_pad":1,"minecraft:gunpowder":54,"mutantmonsters:mutant_skeleton_limb":10,"minecraft:dirt":33,"quark:forgotten_hat":1,"minecraft:bone":17,"minecraft:acacia_planks":1,"minecraft:apple":4,"minecraft:bow":4,"minecraft:wheat_seeds":4,"minecraft:spore_blossom":1,"minecraft:moss_block":10,"lightmanscurrency:coin_iron":15,"minecraft:iron_sword":2,"minecraft:oak_planks":1,"quark:ancient_fruit":7,"mmorpg:stat_soul":1,"minecraft:spruce_sapling":377,"sophisticatedbackpacks:iron_backpack":3,"mmorpg:weapon/staff/wood":2,"minecraft:spruce_log":867,"minecraft:spider_eye":13,"lightmanscurrency:coin_copper":675,"minecraft:slime_ball":53,"lightmanscurrency:coin_gold":2,"minecraft:iron_helmet":1,"quark:music_disc_clock":1,"minecraft:crossbow":3,"minecraft:granite":1,"minecraft:bone_meal":46,"minecraft:golden_apple":1,"quark:ancient_log":481,"minecraft:oak_sapling":39,"mmorpg:offhand/dodge/iron":1,"minecraft:hopper":1,"minecraft:ender_pearl":3},"minecraft:crafted":{"mutantmonsters:mutant_skeleton_leggings":2,"minecraft:cherry_planks":8,"minecraft:oak_planks":25,"minecraft:redstone":32,"minecraft:raw_iron":80,"lightmanscurrency:coinpile_iron":8,"minecraft:cooked_chicken":3,"sophisticatedstorage:iron_chest":2,"minecraft:stone":64,"lightmanscurrency:coin_iron":8,"sophisticatedbackpacks:crafting_upgrade":1,"quark:cherry_chest":4,"lightmanscurrency:wallet_iron":1,"minecraft:hopper":5,"mcwfences:wooden_cheval_de_frise":4,"minecraft:raw_copper":16,"minecraft:iron_axe":3,"minecraft:spruce_slab":12,"mutantmonsters:mutant_skeleton_boots":1,"minecraft:stone_pickaxe":4,"quark:ancient_log":32,"mutantmonsters:mutant_skeleton_rib_cage":1,"quark:spruce_chest":9,"constructionwand:diamond_wand":1,"lightmanscurrency:wallet_copper":3,"minecraft:spruce_sign":3,"minecraft:diamond_axe":1,"minecraft:crafting_table":2,"minecraft:spruce_planks":77,"minecraft:wooden_pickaxe":1,"minecraft:baked_potato":31,"minecraft:copper_ingot":16,"minecraft:bucket":1,"minecraft:stone_axe":3,"sophisticatedbackpacks:upgrade_base":2,"minecraft:diorite":64,"minecraft:air":599,"rechiseled:chisel":1,"lightmanscurrency:coin_gold":27,"sophisticatedstorage:chest":4,"minecraft:charcoal":79,"constructionwand:stone_wand":1,"minecraft:stick":1,"minecraft:iron_ingot":67,"minecraft:iron_pickaxe":3,"minecraft:wooden_axe":1,"quark:ancient_planks":14,"minecraft:redstone_torch":4,"minecraft:andesite":64,"minecraft:composter":1},"minecraft:mined":{"quark:ancient_log":174,"minecraft:spruce_planks":3,"quark:orange_blossom_leaves":17,"quark:blue_blossom_leaves":3,"minecraft:granite":1,"minecraft:grass_block":9,"minecraft:spruce_leaves":7,"minecraft:composter":2,"minecraft:hopper":1,"minecraft:smooth_stone":20,"minecraft:spruce_sapling":1,"minecraft:fire":3,"mcwfences:wooden_cheval_de_frise":7,"minecraft:stone":724,"quark:red_blossom_leaves":22,"quark:lavender_blossom_leaves":13,"quark:ancient_leaves":14,"minecraft:tall_grass":2,"minecraft:cobblestone":260,"minecraft:oak_planks":2,"minecraft:spruce_log":6,"minecraft:dirt":24,"minecraft:acacia_planks":1,"minecraft:deepslate":5},"minecraft:broken":{"minecraft:wooden_pickaxe":2,"minecraft:stone_pickaxe":3,"minecraft:iron_axe":3,"minecraft:stone_axe":3,"minecraft:iron_sword":1,"minecraft:iron_pickaxe":2,"minecraft:wooden_axe":1},"minecraft:used":{"minecraft:carved_pumpkin":1,"minecraft:spruce_planks":202,"minecraft:iron_sword":459,"mutantmonsters:mutant_skeleton_spawn_egg":2,"alexsmobs:spawn_egg_cockroach":1,"minecraft:netherrack":1,"minecraft:torch":1,"quark:ancient_log":10,"minecraft:dirt":22,"minecraft:hopper":6,"mcwfences:wooden_cheval_de_frise":11,"minecraft:carrot":71,"easy_npc:humanoid_spawn_egg":3,"minecraft:granite":1,"alexsmobs:potted_flutter":1,"minecraft:wooden_axe":16,"minecraft:lava_bucket":2,"quark:spruce_chest":2,"minecraft:iron_axe":202,"torchmaster:feral_flare_lantern":2,"minecraft:bow":17,"minecraft:oak_sapling":5,"minecraft:egg":25,"minecraft:cobbled_deepslate":5,"minecraft:acacia_planks":1,"minecraft:wheat_seeds":3,"minecraft:water_bucket":18,"minecraft:snow_block":2,"quark:ancient_planks":10,"minecraft:stone_pickaxe":393,"minecraft:baked_potato":26,"minecraft:oak_planks":94,"minecraft:wooden_pickaxe":103,"minecraft:composter":3,"minecraft:spruce_sign":1,"constructionwand:stone_wand":8,"minecraft:spruce_log":5,"minecraft:iron_pickaxe":516,"minecraft:spruce_sapling":134,"minecraft:stone_axe":107,"mutantmonsters:mutant_zombie_spawn_egg":1,"minecraft:cobblestone":64,"sophisticatedstorage:iron_chest":2,"minecraft:bucket":20,"minecraft:coarse_dirt":2,"quark:ancient_sapling":6,"minecraft:smooth_stone":64,"minecraft:experience_bottle":25,"minecraft:beetroot":2},"minecraft:custom":{"minecraft:blood":0,"minecraft:mob_kills":155,"minecraft:dexterity":9,"minecraft:inspect_hopper":25,"minecraft:interact_with_crafting_table":52,"minecraft:leave_game":21,"minecraft:time_since_death":555837,"minecraft:climb_one_cm":219,"minecraft:mana":200,"minecraft:magic_shield":6,"minecraft:sprint_one_cm":916864,"minecraft:walk_one_cm":1053279,"minecraft:drop":40,"minecraft:health":174,"minecraft:damage_dealt_absorbed":80,"minecraft:play_time":555837,"minecraft:sneak_time":11597,"minecraft:walk_under_water_one_cm":5876,"minecraft:jump":6014,"minecraft:energy":200,"minecraft:walk_on_water_one_cm":2692,"minecraft:total_world_time":555837,"minecraft:interact_with_furnace":40,"minecraft:intelligence":5,"minecraft:move_speed":0,"minecraft:traded_with_villager":30,"minecraft:levels_gained":7,"minecraft:time_since_rest":555837,"minecraft:damage_taken":30846,"minecraft:damage_absorbed":9449,"minecraft:use_wand":55,"minecraft:damage_dealt":12641,"minecraft:fly_one_cm":1907752,"minecraft:open_chest":310,"minecraft:crouch_one_cm":34373,"minecraft:strength":5,"minecraft:fall_one_cm":1022675},"minecraft:dropped":{"sophisticatedbackpacks:iron_backpack":2,"minecraft:iron_ingot":2,"mmorpg:stat_soul":1,"torchmaster:feral_flare_lantern":2,"minecraft:diamond_axe":1,"minecraft:wheat_seeds":1,"minecraft:spore_blossom":1,"minecraft:cobblestone":16,"mutantmonsters:mutant_skeleton_boots":1,"artifacts:cloud_in_a_bottle":2,"alexsmobs:maraca":3,"constructionwand:diamond_wand":1,"minecraft:diorite":64,"lightmanscurrency:wallet_copper":1,"minecraft:iron_axe":1,"sophisticatedbackpacks:crafting_upgrade":1,"minecraft:snow_block":2,"quark:ancient_planks":46,"minecraft:rotten_flesh":1,"lightmanscurrency:coin_gold":6,"minecraft:carrot":10,"mutantmonsters:mutant_skeleton_chestplate":1,"quark:ancient_log":169,"minecraft:andesite":64,"minecraft:oak_sapling":2,"minecraft:chest":1,"mutantmonsters:mutant_skeleton_leggings":2,"minecraft:stone_pickaxe":1,"mutantmonsters:mutant_skeleton_rib":2,"mutantmonsters:mutant_skeleton_skull":1},"minecraft:killed":{"mca:female_zombie_villager":1,"minecraft:spider":25,"minecraft:slime":35,"quark:forgotten":1,"minecraft:skeleton":11,"minecraft:creeper":40,"minecraft:zombie":32,"alexsmobs:cockroach":1,"minecraft:enderman":2}},"DataVersion":3465}