{
  "mcwfences:recipes/stone": {
    "criteria": {
      "has_stone": "2024-10-22 15:19:07 -0500"
    },
    "done": true
  },
  "mcwfences:recipes/jungle": {
    "criteria": {
      "has_jungle": "2024-10-22 15:19:07 -0500"
    },
    "done": true
  },
  "mcwfences:recipes/oak": {
    "criteria": {
      "has_oak": "2024-10-22 15:19:07 -0500"
    },
    "done": true
  },
  "mcwfences:recipes/end": {
    "criteria": {
      "has_end_brick": "2024-10-22 15:19:07 -0500"
    },
    "done": true
  },
  "mcwfences:recipes/bamboo": {
    "criteria": {
      "has_bamboo": "2024-10-22 15:19:07 -0500"
    },
    "done": true
  },
  "mca:recipes/building_blocks/headstones": {
    "criteria": {
      "has_the_upright_recipe": "2024-10-22 15:19:07 -0500"
    },
    "done": true
  },
  "mcwfences:recipes/deepslate": {
    "criteria": {
      "has_deepslate": "2024-10-22 15:19:07 -0500"
    },
    "done": true
  },
  "mcwfences:recipes/mud_brick": {
    "criteria": {
      "has_qq": "2024-10-22 15:19:07 -0500"
    },
    "done": true
  },
  "mcwfences:recipes/mangrove": {
    "criteria": {
      "has_mangrove": "2024-10-22 15:19:07 -0500"
    },
    "done": true
  },
  "mcwfences:recipes/warped": {
    "criteria": {
      "has_warped": "2024-10-22 15:19:07 -0500"
    },
    "done": true
  },
  "mowziesmobs:root": {
    "criteria": {
      "custom_test_name": "2024-10-22 15:19:07 -0500"
    },
    "done": true
  },
  "mcwfences:recipes/blackstone": {
    "criteria": {
      "has_blackstone": "2024-10-22 15:19:07 -0500"
    },
    "done": true
  },
  "minecraft:adventure/adventuring_time": {
    "criteria": {
      "minecraft:cherry_grove": "2024-10-24 00:30:54 -0500",
      "minecraft:snowy_taiga": "2024-10-23 11:50:05 -0500",
      "minecraft:forest": "2024-10-22 15:19:07 -0500",
      "minecraft:desert": "2024-10-23 23:37:40 -0500",
      "minecraft:flower_forest": "2024-10-24 00:02:46 -0500",
      "minecraft:savanna": "2024-10-23 11:44:25 -0500",
      "minecraft:plains": "2024-10-23 12:03:13 -0500"
    },
    "done": false
  },
  "mcwfences:recipes/dark_oak": {
    "criteria": {
      "has_dark_oak": "2024-10-22 15:19:07 -0500"
    },
    "done": true
  },
  "mcwfences:recipes/spruce": {
    "criteria": {
      "has_spruce": "2024-10-22 15:19:07 -0500"
    },
    "done": true
  },
  "mcwfences:recipes/hedge": {
    "criteria": {
      "has_birch": "2024-10-22 15:19:07 -0500"
    },
    "done": true
  },
  "mcwfences:recipes/nether": {
    "criteria": {
      "has_nether_brick": "2024-10-22 15:19:07 -0500"
    },
    "done": true
  },
  "mcwfences:recipes/crimson": {
    "criteria": {
      "has_crimson": "2024-10-22 15:19:07 -0500"
    },
    "done": true
  },
  "mcwfences:recipes/prismarine": {
    "criteria": {
      "has_qq": "2024-10-22 15:19:07 -0500"
    },
    "done": true
  },
  "farmersdelight:main/root": {
    "criteria": {
      "seeds": "2024-10-22 15:19:07 -0500"
    },
    "done": true
  },
  "mcwfences:recipes/quartz": {
    "criteria": {
      "has_qq": "2024-10-22 15:19:07 -0500"
    },
    "done": true
  },
  "create:root": {
    "criteria": {
      "0": "2024-10-22 15:19:07 -0500"
    },
    "done": true
  },
  "mcwfences:recipes/sandstone": {
    "criteria": {
      "has_sand": "2024-10-22 15:19:07 -0500"
    },
    "done": true
  },
  "mcwfences:recipes/birch": {
    "criteria": {
      "has_birch": "2024-10-22 15:19:07 -0500"
    },
    "done": true
  },
  "bakery:main/root": {
    "criteria": {
      "seeds": "2024-10-22 15:19:07 -0500"
    },
    "done": true
  },
  "ironfurnaces:coal": {
    "criteria": {
      "rainbowcoal": "2024-10-22 15:19:07 -0500"
    },
    "done": true
  },
  "brewery:main/root": {
    "criteria": {
      "seeds": "2024-10-22 15:19:07 -0500"
    },
    "done": true
  },
  "mcwfences:recipes/acacia": {
    "criteria": {
      "has_acacia": "2024-10-22 15:19:07 -0500"
    },
    "done": true
  },
  "minecraft:husbandry/root": {
    "criteria": {
      "consumed_item": "2024-10-23 11:35:35 -0500"
    },
    "done": true
  },
  "alexsmobs:alexsmobs/root": {
    "criteria": {
      "useitem": "2024-10-23 11:35:35 -0500"
    },
    "done": true
  },
  "mcwroofs:recipes/oak": {
    "criteria": {
      "has_planks": "2024-10-23 11:38:54 -0500"
    },
    "done": true
  },
  "mcwroofs:recipes/oak_planks": {
    "criteria": {
      "has_planks": "2024-10-23 11:38:57 -0500"
    },
    "done": true
  },
  "mcwroofs:recipes/acacia": {
    "criteria": {
      "has_planks": "2024-10-23 11:44:56 -0500"
    },
    "done": true
  },
  "mcwroofs:recipes/acacia_planks": {
    "criteria": {
      "has_planks": "2024-10-23 11:45:00 -0500"
    },
    "done": true
  },
  "mca:recipes/misc/family_tree": {
    "criteria": {
      "has_item": "2024-10-23 11:58:13 -0500"
    },
    "done": true
  },
  "mcwroofs:recipes/terracotta": {
    "criteria": {
      "has_planks": "2024-10-23 11:58:31 -0500"
    },
    "done": true
  },
  "mca:recipes/misc/potions": {
    "criteria": {
      "has_item": "2024-10-23 21:08:36 -0500"
    },
    "done": true
  },
  "mutantmonsters:root": {
    "criteria": {
      "killed_something": "2024-10-23 21:10:05 -0500"
    },
    "done": true
  },
  "minecraft:adventure/root": {
    "criteria": {
      "killed_something": "2024-10-23 21:10:05 -0500"
    },
    "done": true
  },
  "minecraft:story/mine_stone": {
    "criteria": {
      "get_stone": "2024-10-23 21:12:37 -0500"
    },
    "done": true
  },
  "mcwroofs:recipes/cobblestone": {
    "criteria": {
      "has_planks": "2024-10-23 21:12:37 -0500"
    },
    "done": true
  },
  "mcwroofs:recipes/spruce": {
    "criteria": {
      "has_planks": "2024-10-23 21:13:50 -0500"
    },
    "done": true
  },
  "mcwroofs:recipes/spruce_planks": {
    "criteria": {
      "has_planks": "2024-10-23 21:27:09 -0500"
    },
    "done": true
  },
  "minecraft:adventure/kill_all_mobs": {
    "criteria": {
      "minecraft:skeleton": "2024-10-26 16:54:43 -0500",
      "minecraft:spider": "2024-10-23 21:31:31 -0500",
      "minecraft:creeper": "2024-10-26 16:54:59 -0500",
      "minecraft:slime": "2024-10-23 23:27:41 -0500",
      "minecraft:zombie": "2024-10-23 21:29:45 -0500"
    },
    "done": false
  },
  "minecraft:adventure/kill_a_mob": {
    "criteria": {
      "minecraft:zombie": "2024-10-23 21:29:45 -0500"
    },
    "done": true
  },
  "lightmanscurrency:currency/root": {
    "criteria": {
      "coin": "2024-10-23 21:31:31 -0500"
    },
    "done": true
  },
  "lightmanscurrency:currency/myfirstpenny": {
    "criteria": {
      "coin": "2024-10-23 21:31:31 -0500"
    },
    "done": true
  },
  "mca:recipes/misc/needle_and_thread": {
    "criteria": {
      "has_item": "2024-10-23 21:31:32 -0500"
    },
    "done": true
  },
  "mcwroofs:recipes/grass": {
    "criteria": {
      "has_planks": "2024-10-23 21:33:33 -0500"
    },
    "done": true
  },
  "minecraft:husbandry/balanced_diet": {
    "criteria": {
      "cooked_porkchop": "2024-10-24 12:47:50 -0500",
      "baked_potato": "2024-10-23 21:39:46 -0500",
      "quark:ancient_fruit": "2024-10-24 12:44:24 -0500",
      "carrot": "2024-10-24 14:30:56 -0500"
    },
    "done": false
  },
  "mcwroofs:recipes/thatch": {
    "criteria": {
      "has_planks": "2024-10-23 22:31:39 -0500"
    },
    "done": true
  },
  "minecraft:husbandry/plant_seed": {
    "criteria": {
      "wheat": "2024-10-23 22:31:45 -0500"
    },
    "done": true
  },
  "farmersdelight:main/plant_all_crops": {
    "criteria": {
      "beetroot": "2024-10-23 22:32:43 -0500",
      "potato": "2024-10-23 22:32:24 -0500",
      "wheat": "2024-10-23 22:31:45 -0500",
      "carrot": "2024-10-23 23:41:48 -0500"
    },
    "done": false
  },
  "quark:get_all_blossom_saplings": {
    "criteria": {
      "orange": "2024-10-23 22:38:25 -0500",
      "red": "2024-10-23 22:38:26 -0500",
      "blue": "2024-10-23 22:38:34 -0500",
      "yellow": "2024-10-23 22:38:29 -0500",
      "lavender": "2024-10-23 22:38:27 -0500"
    },
    "done": true
  },
  "minecraft:story/root": {
    "criteria": {
      "crafting_table": "2024-10-23 22:47:13 -0500"
    },
    "done": true
  },
  "minecraft:story/obtain_armor": {
    "criteria": {
      "iron_leggings": "2024-10-23 23:10:04 -0500"
    },
    "done": true
  },
  "minecraft:husbandry/bred_all_animals": {
    "criteria": {
      "minecraft:cow": "2024-10-23 23:41:06 -0500"
    },
    "done": false
  },
  "minecraft:husbandry/breed_an_animal": {
    "criteria": {
      "bred": "2024-10-23 23:41:06 -0500"
    },
    "done": true
  },
  "alexsmobs:alexsmobs/acacia_blossom": {
    "criteria": {
      "acacia_blossom": "2024-10-24 00:13:11 -0500"
    },
    "done": true
  },
  "mcwroofs:recipes/birch": {
    "criteria": {
      "has_planks": "2024-10-24 00:25:14 -0500"
    },
    "done": true
  },
  "minecraft:story/mine_diamond": {
    "criteria": {
      "diamond": "2024-10-24 12:31:38 -0500"
    },
    "done": true
  },
  "artifacts:amateur_archaeologist": {
    "criteria": {
      "find_artifact": "2024-10-26 15:41:29 -0500"
    },
    "done": true
  },
  "lightmanscurrency:currency/terminal": {
    "criteria": {
      "terminal": "2024-10-26 17:04:47 -0500"
    },
    "done": true
  },
  "quark:get_forgotten_hat": {
    "criteria": {
      "get_forgotten_hat": "2024-10-26 17:06:27 -0500"
    },
    "done": true
  },
  "minecraft:adventure/trade": {
    "criteria": {
      "traded": "2024-10-26 17:04:45 -0500"
    },
    "done": true
  },
  "DataVersion": 3465
}