{
  "mcwfences:recipes/stone": {
    "criteria": {
      "has_stone": "2024-10-22 15:06:35 -0500"
    },
    "done": true
  },
  "mcwfences:recipes/jungle": {
    "criteria": {
      "has_jungle": "2024-10-22 15:06:35 -0500"
    },
    "done": true
  },
  "mcwfences:recipes/oak": {
    "criteria": {
      "has_oak": "2024-10-22 15:06:35 -0500"
    },
    "done": true
  },
  "mcwfences:recipes/end": {
    "criteria": {
      "has_end_brick": "2024-10-22 15:06:35 -0500"
    },
    "done": true
  },
  "mcwfences:recipes/bamboo": {
    "criteria": {
      "has_bamboo": "2024-10-22 15:06:35 -0500"
    },
    "done": true
  },
  "mca:recipes/building_blocks/headstones": {
    "criteria": {
      "has_the_upright_recipe": "2024-10-22 15:06:35 -0500"
    },
    "done": true
  },
  "mcwfences:recipes/deepslate": {
    "criteria": {
      "has_deepslate": "2024-10-22 15:06:35 -0500"
    },
    "done": true
  },
  "mcwfences:recipes/mud_brick": {
    "criteria": {
      "has_qq": "2024-10-22 15:06:35 -0500"
    },
    "done": true
  },
  "mcwfences:recipes/mangrove": {
    "criteria": {
      "has_mangrove": "2024-10-22 15:06:35 -0500"
    },
    "done": true
  },
  "mcwfences:recipes/warped": {
    "criteria": {
      "has_warped": "2024-10-22 15:06:35 -0500"
    },
    "done": true
  },
  "mowziesmobs:root": {
    "criteria": {
      "custom_test_name": "2024-10-22 15:06:35 -0500"
    },
    "done": true
  },
  "mcwfences:recipes/blackstone": {
    "criteria": {
      "has_blackstone": "2024-10-22 15:06:35 -0500"
    },
    "done": true
  },
  "mcwfences:recipes/dark_oak": {
    "criteria": {
      "has_dark_oak": "2024-10-22 15:06:35 -0500"
    },
    "done": true
  },
  "mcwfences:recipes/spruce": {
    "criteria": {
      "has_spruce": "2024-10-22 15:06:35 -0500"
    },
    "done": true
  },
  "mcwfences:recipes/hedge": {
    "criteria": {
      "has_birch": "2024-10-22 15:06:35 -0500"
    },
    "done": true
  },
  "mcwfences:recipes/nether": {
    "criteria": {
      "has_nether_brick": "2024-10-22 15:06:35 -0500"
    },
    "done": true
  },
  "mcwfences:recipes/crimson": {
    "criteria": {
      "has_crimson": "2024-10-22 15:06:35 -0500"
    },
    "done": true
  },
  "mcwfences:recipes/prismarine": {
    "criteria": {
      "has_qq": "2024-10-22 15:06:35 -0500"
    },
    "done": true
  },
  "farmersdelight:main/root": {
    "criteria": {
      "seeds": "2024-10-22 15:06:35 -0500"
    },
    "done": true
  },
  "mcwfences:recipes/quartz": {
    "criteria": {
      "has_qq": "2024-10-22 15:06:35 -0500"
    },
    "done": true
  },
  "create:root": {
    "criteria": {
      "0": "2024-10-22 15:06:35 -0500"
    },
    "done": true
  },
  "mcwfences:recipes/sandstone": {
    "criteria": {
      "has_sand": "2024-10-22 15:06:35 -0500"
    },
    "done": true
  },
  "mcwfences:recipes/birch": {
    "criteria": {
      "has_birch": "2024-10-22 15:06:35 -0500"
    },
    "done": true
  },
  "bakery:main/root": {
    "criteria": {
      "seeds": "2024-10-22 15:06:35 -0500"
    },
    "done": true
  },
  "ironfurnaces:coal": {
    "criteria": {
      "rainbowcoal": "2024-10-22 15:06:35 -0500"
    },
    "done": true
  },
  "brewery:main/root": {
    "criteria": {
      "seeds": "2024-10-22 15:06:35 -0500"
    },
    "done": true
  },
  "mcwfences:recipes/acacia": {
    "criteria": {
      "has_acacia": "2024-10-22 15:06:35 -0500"
    },
    "done": true
  },
  "minecraft:adventure/adventuring_time": {
    "criteria": {
      "minecraft:snowy_slopes": "2024-10-23 14:39:49 -0500",
      "minecraft:cherry_grove": "2024-10-23 22:19:01 -0500",
      "minecraft:mangrove_swamp": "2024-10-23 15:37:03 -0500",
      "minecraft:snowy_taiga": "2024-10-23 11:47:10 -0500",
      "minecraft:forest": "2024-10-22 15:06:36 -0500",
      "minecraft:desert": "2024-10-23 14:27:31 -0500",
      "minecraft:flower_forest": "2024-10-22 16:25:44 -0500",
      "minecraft:savanna": "2024-10-22 16:55:31 -0500",
      "minecraft:plains": "2024-10-23 12:03:34 -0500"
    },
    "done": false
  },
  "minecraft:husbandry/root": {
    "criteria": {
      "consumed_item": "2024-10-22 15:07:52 -0500"
    },
    "done": true
  },
  "alexsmobs:alexsmobs/root": {
    "criteria": {
      "useitem": "2024-10-22 15:07:52 -0500"
    },
    "done": true
  },
  "mcwroofs:recipes/oak": {
    "criteria": {
      "has_planks": "2024-10-22 15:11:08 -0500"
    },
    "done": true
  },
  "mca:recipes/misc/family_tree": {
    "criteria": {
      "has_item": "2024-10-22 15:11:29 -0500"
    },
    "done": true
  },
  "mcwroofs:recipes/oak_planks": {
    "criteria": {
      "has_planks": "2024-10-22 15:11:47 -0500"
    },
    "done": true
  },
  "mcwroofs:recipes/grass": {
    "criteria": {
      "has_planks": "2024-10-22 15:12:02 -0500"
    },
    "done": true
  },
  "minecraft:story/root": {
    "criteria": {
      "crafting_table": "2024-10-22 15:17:56 -0500"
    },
    "done": true
  },
  "minecraft:story/lava_bucket": {
    "criteria": {
      "lava_bucket": "2024-10-22 15:20:31 -0500"
    },
    "done": true
  },
  "mca:recipes/misc/needle_and_thread": {
    "criteria": {
      "has_item": "2024-10-22 16:30:18 -0500"
    },
    "done": true
  },
  "mcwroofs:recipes/birch": {
    "criteria": {
      "has_planks": "2024-10-22 16:32:01 -0500"
    },
    "done": true
  },
  "mca:recipes/misc/bouquet": {
    "criteria": {
      "has_item": "2024-10-22 16:32:46 -0500"
    },
    "done": true
  },
  "mcwroofs:recipes/birch_planks": {
    "criteria": {
      "has_planks": "2024-10-22 16:34:02 -0500"
    },
    "done": true
  },
  "mutantmonsters:root": {
    "criteria": {
      "killed_something": "2024-10-22 16:38:19 -0500"
    },
    "done": true
  },
  "minecraft:adventure/root": {
    "criteria": {
      "killed_something": "2024-10-22 16:38:19 -0500"
    },
    "done": true
  },
  "minecraft:adventure/kill_all_mobs": {
    "criteria": {
      "minecraft:skeleton": "2024-10-23 14:01:03 -0500",
      "minecraft:spider": "2024-10-23 13:59:35 -0500",
      "minecraft:creeper": "2024-10-23 15:12:54 -0500",
      "minecraft:slime": "2024-10-23 13:50:14 -0500",
      "quark:forgotten": "2024-10-26 16:33:59 -0500",
      "minecraft:witch": "2024-10-23 15:29:39 -0500",
      "minecraft:enderman": "2024-10-23 23:59:24 -0500",
      "minecraft:zombie": "2024-10-22 16:38:19 -0500"
    },
    "done": false
  },
  "minecraft:adventure/kill_a_mob": {
    "criteria": {
      "minecraft:zombie": "2024-10-22 16:38:19 -0500"
    },
    "done": true
  },
  "lightmanscurrency:currency/root": {
    "criteria": {
      "coin": "2024-10-22 16:38:21 -0500"
    },
    "done": true
  },
  "lightmanscurrency:currency/myfirstpenny": {
    "criteria": {
      "coin": "2024-10-22 16:38:21 -0500"
    },
    "done": true
  },
  "minecraft:husbandry/balanced_diet": {
    "criteria": {
      "cooked_porkchop": "2024-10-24 14:03:59 -0500",
      "baked_potato": "2024-10-23 13:22:16 -0500",
      "apple": "2024-10-23 12:35:44 -0500",
      "mutton": "2024-10-23 15:39:45 -0500",
      "bread": "2024-10-22 16:38:31 -0500",
      "rotten_flesh": "2024-10-23 11:36:07 -0500",
      "beetroot": "2024-10-23 12:35:38 -0500",
      "carrot": "2024-10-23 22:31:54 -0500",
      "quark:ancient_fruit": "2024-10-24 12:20:40 -0500"
    },
    "done": false
  },
  "mcwroofs:recipes/acacia": {
    "criteria": {
      "has_planks": "2024-10-22 16:56:08 -0500"
    },
    "done": true
  },
  "minecraft:story/obtain_armor": {
    "criteria": {
      "iron_helmet": "2024-10-23 11:33:25 -0500"
    },
    "done": true
  },
  "minecraft:story/mine_stone": {
    "criteria": {
      "get_stone": "2024-10-23 11:34:30 -0500"
    },
    "done": true
  },
  "mcwroofs:recipes/cobblestone": {
    "criteria": {
      "has_planks": "2024-10-23 11:34:30 -0500"
    },
    "done": true
  },
  "mcwroofs:recipes/terracotta": {
    "criteria": {
      "has_planks": "2024-10-23 11:45:02 -0500"
    },
    "done": true
  },
  "minecraft:story/upgrade_tools": {
    "criteria": {
      "stone_pickaxe": "2024-10-23 11:48:37 -0500"
    },
    "done": true
  },
  "mca:recipes/misc/potions": {
    "criteria": {
      "has_item": "2024-10-23 12:05:06 -0500"
    },
    "done": true
  },
  "farmersdelight:main/plant_all_crops": {
    "criteria": {
      "beetroot": "2024-10-23 12:22:02 -0500",
      "potato": "2024-10-23 12:18:35 -0500",
      "wheat": "2024-10-23 12:18:40 -0500",
      "pumpkin": "2024-10-23 12:22:17 -0500",
      "carrot": "2024-10-23 12:18:29 -0500"
    },
    "done": false
  },
  "minecraft:husbandry/plant_seed": {
    "criteria": {
      "wheat": "2024-10-23 12:18:40 -0500"
    },
    "done": true
  },
  "mcwroofs:recipes/awning": {
    "criteria": {
      "has_planks": "2024-10-23 12:33:28 -0500"
    },
    "done": true
  },
  "minecraft:adventure/sleep_in_bed": {
    "criteria": {
      "slept_in_bed": "2024-10-23 12:34:28 -0500"
    },
    "done": true
  },
  "mcwroofs:recipes/thatch": {
    "criteria": {
      "has_planks": "2024-10-23 12:40:48 -0500"
    },
    "done": true
  },
  "minecraft:husbandry/bred_all_animals": {
    "criteria": {
      "minecraft:cow": "2024-10-23 12:47:57 -0500",
      "minecraft:pig": "2024-10-23 12:42:07 -0500",
      "minecraft:sheep": "2024-10-23 12:58:03 -0500",
      "minecraft:chicken": "2024-10-23 13:04:51 -0500"
    },
    "done": false
  },
  "minecraft:husbandry/breed_an_animal": {
    "criteria": {
      "bred": "2024-10-23 12:42:07 -0500"
    },
    "done": true
  },
  "mcwroofs:recipes/spruce": {
    "criteria": {
      "has_planks": "2024-10-23 13:32:15 -0500"
    },
    "done": true
  },
  "mcwroofs:recipes/acacia_planks": {
    "criteria": {
      "has_planks": "2024-10-23 13:39:31 -0500"
    },
    "done": true
  },
  "mcwroofs:recipes/spruce_planks": {
    "criteria": {
      "has_planks": "2024-10-23 14:14:14 -0500"
    },
    "done": true
  },
  "minecraft:story/mine_diamond": {
    "criteria": {
      "diamond": "2024-10-23 14:40:32 -0500"
    },
    "done": true
  },
  "spartanweaponry:rapier": {
    "criteria": {
      "has_rapier": "2024-10-23 15:12:44 -0500"
    },
    "done": true
  },
  "mcwroofs:recipes/mangrove": {
    "criteria": {
      "has_planks": "2024-10-23 15:38:44 -0500"
    },
    "done": true
  },
  "minecraft:husbandry/obtain_sniffer_egg": {
    "criteria": {
      "obtain_sniffer_egg": "2024-10-23 22:20:24 -0500"
    },
    "done": true
  },
  "quark:get_all_blossom_saplings": {
    "criteria": {
      "orange": "2024-10-23 22:37:31 -0500",
      "red": "2024-10-23 22:37:31 -0500",
      "blue": "2024-10-23 22:37:31 -0500",
      "yellow": "2024-10-23 22:37:31 -0500",
      "lavender": "2024-10-23 22:37:31 -0500"
    },
    "done": true
  },
  "alexsmobs:alexsmobs/guster": {
    "criteria": {
      "killed_by": "2024-10-23 22:58:44 -0500"
    },
    "done": true
  },
  "mcwroofs:recipes/cherry": {
    "criteria": {
      "has_planks": "2024-10-24 00:33:53 -0500"
    },
    "done": true
  },
  "mca:recipes/misc/comb": {
    "criteria": {
      "has_item": "2024-10-24 12:06:49 -0500"
    },
    "done": true
  },
  "mcwroofs:recipes/gutters": {
    "criteria": {
      "has_planks": "2024-10-24 12:06:49 -0500"
    },
    "done": true
  },
  "mca:recipes/misc/whistle": {
    "criteria": {
      "has_item": "2024-10-24 12:06:49 -0500"
    },
    "done": true
  },
  "immersive_aircraft:misc/aircraftery": {
    "criteria": {
      "has_item": "2024-10-24 12:06:49 -0500"
    },
    "done": true
  },
  "minecraft:story/smelt_iron": {
    "criteria": {
      "iron": "2024-10-24 12:06:49 -0500"
    },
    "done": true
  },
  "spartanweaponry:longbow": {
    "criteria": {
      "has_longbow": "2024-10-24 14:51:13 -0500"
    },
    "done": true
  },
  "mowziesmobs:kill_foliaath": {
    "criteria": {
      "foliaath": "2024-10-25 15:40:32 -0500"
    },
    "done": true
  },
  "mcwroofs:recipes/mangrove_planks": {
    "criteria": {
      "has_planks": "2024-10-26 16:09:29 -0500"
    },
    "done": true
  },
  "quark:get_forgotten_hat": {
    "criteria": {
      "get_forgotten_hat": "2024-10-26 16:34:01 -0500"
    },
    "done": true
  },
  "artifacts:amateur_archaeologist": {
    "criteria": {
      "find_artifact": "2024-10-26 17:20:52 -0500"
    },
    "done": true
  },
  "spartanweaponry:longsword": {
    "criteria": {
      "has_longsword": "2024-10-26 17:42:45 -0500"
    },
    "done": true
  },
  "DataVersion": 3465
}